video,path,win_idx,start_frame,end_frame,center_frame,approx_start_s,n_frames,label_predicha,prob,passed_conf,kept_nms
sign-video-to-text_0db371b2-a749-47fd-ad7b-91661dab7c09.mp4,dataset_grup_sign\sign-video-to-text_0db371b2-a749-47fd-ad7b-91661dab7c09.mp4,0,0,45,22,0.00,45,Por favor,0.7907,1,0
sign-video-to-text_0db371b2-a749-47fd-ad7b-91661dab7c09.mp4,dataset_grup_sign\sign-video-to-text_0db371b2-a749-47fd-ad7b-91661dab7c09.mp4,1,10,55,32,0.33,45,Por favor,0.9462,1,1
sign-video-to-text_0db371b2-a749-47fd-ad7b-91661dab7c09.mp4,dataset_grup_sign\sign-video-to-text_0db371b2-a749-47fd-ad7b-91661dab7c09.mp4,2,20,65,42,0.67,45,Por favor,0.7110,1,0
sign-video-to-text_0db371b2-a749-47fd-ad7b-91661dab7c09.mp4,dataset_grup_sign\sign-video-to-text_0db371b2-a749-47fd-ad7b-91661dab7c09.mp4,3,30,75,52,1.00,45,Por favor,0.7760,1,0
sign-video-to-text_0db371b2-a749-47fd-ad7b-91661dab7c09.mp4,dataset_grup_sign\sign-video-to-text_0db371b2-a749-47fd-ad7b-91661dab7c09.mp4,4,40,85,62,1.33,45,Lo siento,0.6750,1,1
sign-video-to-text_0db371b2-a749-47fd-ad7b-91661dab7c09.mp4,dataset_grup_sign\sign-video-to-text_0db371b2-a749-47fd-ad7b-91661dab7c09.mp4,5,50,95,72,1.67,45,g,0.6301,0,0
sign-video-to-text_0db371b2-a749-47fd-ad7b-91661dab7c09.mp4,dataset_grup_sign\sign-video-to-text_0db371b2-a749-47fd-ad7b-91661dab7c09.mp4,6,60,105,82,2.00,45,Amigo,0.3320,0,0
sign-video-to-text_0db371b2-a749-47fd-ad7b-91661dab7c09.mp4,dataset_grup_sign\sign-video-to-text_0db371b2-a749-47fd-ad7b-91661dab7c09.mp4,7,70,115,92,2.33,45,Mucho,0.6440,0,0
sign-video-to-text_0db371b2-a749-47fd-ad7b-91661dab7c09.mp4,dataset_grup_sign\sign-video-to-text_0db371b2-a749-47fd-ad7b-91661dab7c09.mp4,8,80,125,102,2.67,45,Mucho,0.9293,1,1
sign-video-to-text_0db371b2-a749-47fd-ad7b-91661dab7c09.mp4,dataset_grup_sign\sign-video-to-text_0db371b2-a749-47fd-ad7b-91661dab7c09.mp4,9,90,135,112,3.00,45,Mucho,0.7019,1,0
sign-video-to-text_0db371b2-a749-47fd-ad7b-91661dab7c09.mp4,dataset_grup_sign\sign-video-to-text_0db371b2-a749-47fd-ad7b-91661dab7c09.mp4,10,100,145,122,3.33,45,Aceptar,0.5118,0,0
sign-video-to-text_0db371b2-a749-47fd-ad7b-91661dab7c09.mp4,dataset_grup_sign\sign-video-to-text_0db371b2-a749-47fd-ad7b-91661dab7c09.mp4,11,110,155,132,3.67,45,Radiografía,0.7616,1,0
sign-video-to-text_0db371b2-a749-47fd-ad7b-91661dab7c09.mp4,dataset_grup_sign\sign-video-to-text_0db371b2-a749-47fd-ad7b-91661dab7c09.mp4,12,120,165,142,4.00,45,Mucho,0.8611,1,1
sign-video-to-text_0db371b2-a749-47fd-ad7b-91661dab7c09.mp4,dataset_grup_sign\sign-video-to-text_0db371b2-a749-47fd-ad7b-91661dab7c09.mp4,13,130,175,152,4.33,45,Mucho,0.7158,1,0
sign-video-to-text_0db371b2-a749-47fd-ad7b-91661dab7c09.mp4,dataset_grup_sign\sign-video-to-text_0db371b2-a749-47fd-ad7b-91661dab7c09.mp4,14,135,180,157,4.50,45,Hablar,0.4706,0,0
sign-video-to-text_1378e4d7-dc45-4149-8133-b4b13cbbd2d3.mp4,dataset_grup_sign\sign-video-to-text_1378e4d7-dc45-4149-8133-b4b13cbbd2d3.mp4,0,0,45,22,0.00,45,g,0.9672,1,1
sign-video-to-text_1378e4d7-dc45-4149-8133-b4b13cbbd2d3.mp4,dataset_grup_sign\sign-video-to-text_1378e4d7-dc45-4149-8133-b4b13cbbd2d3.mp4,1,10,55,32,0.33,45,g,0.6528,1,0
sign-video-to-text_1378e4d7-dc45-4149-8133-b4b13cbbd2d3.mp4,dataset_grup_sign\sign-video-to-text_1378e4d7-dc45-4149-8133-b4b13cbbd2d3.mp4,2,20,65,42,0.67,45,Por favor,0.5774,0,0
sign-video-to-text_1378e4d7-dc45-4149-8133-b4b13cbbd2d3.mp4,dataset_grup_sign\sign-video-to-text_1378e4d7-dc45-4149-8133-b4b13cbbd2d3.mp4,3,30,75,52,1.00,45,Por favor,0.3682,0,0
sign-video-to-text_1378e4d7-dc45-4149-8133-b4b13cbbd2d3.mp4,dataset_grup_sign\sign-video-to-text_1378e4d7-dc45-4149-8133-b4b13cbbd2d3.mp4,4,40,85,62,1.33,45,Aburrido,0.6338,0,0
sign-video-to-text_1378e4d7-dc45-4149-8133-b4b13cbbd2d3.mp4,dataset_grup_sign\sign-video-to-text_1378e4d7-dc45-4149-8133-b4b13cbbd2d3.mp4,5,50,95,72,1.67,45,Aburrido,0.8242,1,1
sign-video-to-text_1378e4d7-dc45-4149-8133-b4b13cbbd2d3.mp4,dataset_grup_sign\sign-video-to-text_1378e4d7-dc45-4149-8133-b4b13cbbd2d3.mp4,6,60,105,82,2.00,45,Aburrido,0.5767,0,0
sign-video-to-text_1378e4d7-dc45-4149-8133-b4b13cbbd2d3.mp4,dataset_grup_sign\sign-video-to-text_1378e4d7-dc45-4149-8133-b4b13cbbd2d3.mp4,7,70,115,92,2.33,45,g,0.7648,1,0
sign-video-to-text_1378e4d7-dc45-4149-8133-b4b13cbbd2d3.mp4,dataset_grup_sign\sign-video-to-text_1378e4d7-dc45-4149-8133-b4b13cbbd2d3.mp4,8,80,125,102,2.67,45,ñ,0.4740,0,0
sign-video-to-text_1378e4d7-dc45-4149-8133-b4b13cbbd2d3.mp4,dataset_grup_sign\sign-video-to-text_1378e4d7-dc45-4149-8133-b4b13cbbd2d3.mp4,9,90,135,112,3.00,45,Mucho,0.2898,0,0
sign-video-to-text_1378e4d7-dc45-4149-8133-b4b13cbbd2d3.mp4,dataset_grup_sign\sign-video-to-text_1378e4d7-dc45-4149-8133-b4b13cbbd2d3.mp4,10,100,145,122,3.33,45,Mucho,0.6552,1,0
sign-video-to-text_1378e4d7-dc45-4149-8133-b4b13cbbd2d3.mp4,dataset_grup_sign\sign-video-to-text_1378e4d7-dc45-4149-8133-b4b13cbbd2d3.mp4,11,110,155,132,3.67,45,Mucho,0.8416,1,1
sign-video-to-text_1378e4d7-dc45-4149-8133-b4b13cbbd2d3.mp4,dataset_grup_sign\sign-video-to-text_1378e4d7-dc45-4149-8133-b4b13cbbd2d3.mp4,12,111,156,133,3.70,45,Mucho,0.5671,0,0
sign-video-to-text_139e2efc-a52b-4a5c-8c26-cccdea413ec9.mp4,dataset_grup_sign\sign-video-to-text_139e2efc-a52b-4a5c-8c26-cccdea413ec9.mp4,0,0,45,22,0.00,45,Visitar,0.7153,1,1
sign-video-to-text_139e2efc-a52b-4a5c-8c26-cccdea413ec9.mp4,dataset_grup_sign\sign-video-to-text_139e2efc-a52b-4a5c-8c26-cccdea413ec9.mp4,1,10,55,32,0.33,45,Dudar,0.3521,0,0
sign-video-to-text_139e2efc-a52b-4a5c-8c26-cccdea413ec9.mp4,dataset_grup_sign\sign-video-to-text_139e2efc-a52b-4a5c-8c26-cccdea413ec9.mp4,2,20,65,42,0.67,45,Interesar,0.1628,0,0
sign-video-to-text_139e2efc-a52b-4a5c-8c26-cccdea413ec9.mp4,dataset_grup_sign\sign-video-to-text_139e2efc-a52b-4a5c-8c26-cccdea413ec9.mp4,3,30,75,52,1.00,45,Dudar,0.2356,0,0
sign-video-to-text_139e2efc-a52b-4a5c-8c26-cccdea413ec9.mp4,dataset_grup_sign\sign-video-to-text_139e2efc-a52b-4a5c-8c26-cccdea413ec9.mp4,4,40,85,62,1.33,45,Dudar,0.5370,0,0
sign-video-to-text_139e2efc-a52b-4a5c-8c26-cccdea413ec9.mp4,dataset_grup_sign\sign-video-to-text_139e2efc-a52b-4a5c-8c26-cccdea413ec9.mp4,5,50,95,72,1.67,45,Dudar,0.3780,0,0
sign-video-to-text_139e2efc-a52b-4a5c-8c26-cccdea413ec9.mp4,dataset_grup_sign\sign-video-to-text_139e2efc-a52b-4a5c-8c26-cccdea413ec9.mp4,6,60,105,82,2.00,45,Dudar,0.5113,0,0
sign-video-to-text_139e2efc-a52b-4a5c-8c26-cccdea413ec9.mp4,dataset_grup_sign\sign-video-to-text_139e2efc-a52b-4a5c-8c26-cccdea413ec9.mp4,7,70,115,92,2.33,45,Dudar,0.5055,0,0
sign-video-to-text_139e2efc-a52b-4a5c-8c26-cccdea413ec9.mp4,dataset_grup_sign\sign-video-to-text_139e2efc-a52b-4a5c-8c26-cccdea413ec9.mp4,8,80,125,102,2.67,45,Dudar,0.2709,0,0
sign-video-to-text_139e2efc-a52b-4a5c-8c26-cccdea413ec9.mp4,dataset_grup_sign\sign-video-to-text_139e2efc-a52b-4a5c-8c26-cccdea413ec9.mp4,9,90,135,112,3.00,45,Dudar,0.3071,0,0
sign-video-to-text_139e2efc-a52b-4a5c-8c26-cccdea413ec9.mp4,dataset_grup_sign\sign-video-to-text_139e2efc-a52b-4a5c-8c26-cccdea413ec9.mp4,10,100,145,122,3.33,45,Dudar,0.1863,0,0
sign-video-to-text_139e2efc-a52b-4a5c-8c26-cccdea413ec9.mp4,dataset_grup_sign\sign-video-to-text_139e2efc-a52b-4a5c-8c26-cccdea413ec9.mp4,11,110,155,132,3.67,45,Deprimido,0.1542,0,0
sign-video-to-text_139e2efc-a52b-4a5c-8c26-cccdea413ec9.mp4,dataset_grup_sign\sign-video-to-text_139e2efc-a52b-4a5c-8c26-cccdea413ec9.mp4,12,120,165,142,4.00,45,Deprimido,0.5537,0,0
sign-video-to-text_139e2efc-a52b-4a5c-8c26-cccdea413ec9.mp4,dataset_grup_sign\sign-video-to-text_139e2efc-a52b-4a5c-8c26-cccdea413ec9.mp4,13,130,175,152,4.33,45,Deprimido,0.7060,1,0
sign-video-to-text_139e2efc-a52b-4a5c-8c26-cccdea413ec9.mp4,dataset_grup_sign\sign-video-to-text_139e2efc-a52b-4a5c-8c26-cccdea413ec9.mp4,14,140,185,162,4.67,45,Noche,0.7416,1,1
sign-video-to-text_139e2efc-a52b-4a5c-8c26-cccdea413ec9.mp4,dataset_grup_sign\sign-video-to-text_139e2efc-a52b-4a5c-8c26-cccdea413ec9.mp4,15,150,195,172,5.00,45,Dudar,0.3915,0,0
sign-video-to-text_139e2efc-a52b-4a5c-8c26-cccdea413ec9.mp4,dataset_grup_sign\sign-video-to-text_139e2efc-a52b-4a5c-8c26-cccdea413ec9.mp4,16,160,205,182,5.33,45,Dudar,0.3318,0,0
sign-video-to-text_139e2efc-a52b-4a5c-8c26-cccdea413ec9.mp4,dataset_grup_sign\sign-video-to-text_139e2efc-a52b-4a5c-8c26-cccdea413ec9.mp4,17,170,215,192,5.67,45,Deprimido,0.8250,1,1
sign-video-to-text_139e2efc-a52b-4a5c-8c26-cccdea413ec9.mp4,dataset_grup_sign\sign-video-to-text_139e2efc-a52b-4a5c-8c26-cccdea413ec9.mp4,18,180,225,202,6.00,45,Deprimido,0.7292,1,0
sign-video-to-text_139e2efc-a52b-4a5c-8c26-cccdea413ec9.mp4,dataset_grup_sign\sign-video-to-text_139e2efc-a52b-4a5c-8c26-cccdea413ec9.mp4,19,190,235,212,6.33,45,Deprimido,0.3211,0,0
sign-video-to-text_139e2efc-a52b-4a5c-8c26-cccdea413ec9.mp4,dataset_grup_sign\sign-video-to-text_139e2efc-a52b-4a5c-8c26-cccdea413ec9.mp4,20,200,245,222,6.67,45,Dudar,0.6994,1,0
sign-video-to-text_139e2efc-a52b-4a5c-8c26-cccdea413ec9.mp4,dataset_grup_sign\sign-video-to-text_139e2efc-a52b-4a5c-8c26-cccdea413ec9.mp4,21,210,255,232,7.00,45,Dudar,0.7999,1,1
sign-video-to-text_139e2efc-a52b-4a5c-8c26-cccdea413ec9.mp4,dataset_grup_sign\sign-video-to-text_139e2efc-a52b-4a5c-8c26-cccdea413ec9.mp4,22,220,265,242,7.33,45,Dudar,0.6181,0,0
sign-video-to-text_139e2efc-a52b-4a5c-8c26-cccdea413ec9.mp4,dataset_grup_sign\sign-video-to-text_139e2efc-a52b-4a5c-8c26-cccdea413ec9.mp4,23,230,275,252,7.67,45,Dudar,0.8073,1,0
sign-video-to-text_139e2efc-a52b-4a5c-8c26-cccdea413ec9.mp4,dataset_grup_sign\sign-video-to-text_139e2efc-a52b-4a5c-8c26-cccdea413ec9.mp4,24,240,285,262,8.00,45,Dudar,0.8718,1,1
sign-video-to-text_139e2efc-a52b-4a5c-8c26-cccdea413ec9.mp4,dataset_grup_sign\sign-video-to-text_139e2efc-a52b-4a5c-8c26-cccdea413ec9.mp4,25,250,295,272,8.33,45,Dudar,0.8369,1,0
sign-video-to-text_139e2efc-a52b-4a5c-8c26-cccdea413ec9.mp4,dataset_grup_sign\sign-video-to-text_139e2efc-a52b-4a5c-8c26-cccdea413ec9.mp4,26,255,300,277,8.50,45,Dudar,0.6994,1,0
sign-video-to-text_28348691-88e8-41f6-aba4-1c4f882e04d5.mp4,dataset_grup_sign\sign-video-to-text_28348691-88e8-41f6-aba4-1c4f882e04d5.mp4,0,0,45,22,0.00,45,Mas o menos,0.9437,1,1
sign-video-to-text_28348691-88e8-41f6-aba4-1c4f882e04d5.mp4,dataset_grup_sign\sign-video-to-text_28348691-88e8-41f6-aba4-1c4f882e04d5.mp4,1,10,55,32,0.33,45,Yo,0.2070,0,0
sign-video-to-text_28348691-88e8-41f6-aba4-1c4f882e04d5.mp4,dataset_grup_sign\sign-video-to-text_28348691-88e8-41f6-aba4-1c4f882e04d5.mp4,2,20,65,42,0.67,45,Olvidar,0.4163,0,0
sign-video-to-text_28348691-88e8-41f6-aba4-1c4f882e04d5.mp4,dataset_grup_sign\sign-video-to-text_28348691-88e8-41f6-aba4-1c4f882e04d5.mp4,3,30,75,52,1.00,45,Olvidar,0.7117,1,0
sign-video-to-text_28348691-88e8-41f6-aba4-1c4f882e04d5.mp4,dataset_grup_sign\sign-video-to-text_28348691-88e8-41f6-aba4-1c4f882e04d5.mp4,4,40,85,62,1.33,45,Por qué,0.9092,1,1
sign-video-to-text_28348691-88e8-41f6-aba4-1c4f882e04d5.mp4,dataset_grup_sign\sign-video-to-text_28348691-88e8-41f6-aba4-1c4f882e04d5.mp4,5,50,95,72,1.67,45,Por qué,0.7250,1,0
sign-video-to-text_28348691-88e8-41f6-aba4-1c4f882e04d5.mp4,dataset_grup_sign\sign-video-to-text_28348691-88e8-41f6-aba4-1c4f882e04d5.mp4,6,60,105,82,2.00,45,Por qué,0.8365,1,0
sign-video-to-text_28348691-88e8-41f6-aba4-1c4f882e04d5.mp4,dataset_grup_sign\sign-video-to-text_28348691-88e8-41f6-aba4-1c4f882e04d5.mp4,7,70,115,92,2.33,45,l,0.4742,0,0
sign-video-to-text_28348691-88e8-41f6-aba4-1c4f882e04d5.mp4,dataset_grup_sign\sign-video-to-text_28348691-88e8-41f6-aba4-1c4f882e04d5.mp4,8,80,125,102,2.67,45,Hola,0.6158,0,0
sign-video-to-text_28348691-88e8-41f6-aba4-1c4f882e04d5.mp4,dataset_grup_sign\sign-video-to-text_28348691-88e8-41f6-aba4-1c4f882e04d5.mp4,9,90,135,112,3.00,45,s,0.5487,0,0
sign-video-to-text_28348691-88e8-41f6-aba4-1c4f882e04d5.mp4,dataset_grup_sign\sign-video-to-text_28348691-88e8-41f6-aba4-1c4f882e04d5.mp4,10,100,145,122,3.33,45,Hacer,0.4530,0,0
sign-video-to-text_28348691-88e8-41f6-aba4-1c4f882e04d5.mp4,dataset_grup_sign\sign-video-to-text_28348691-88e8-41f6-aba4-1c4f882e04d5.mp4,11,110,155,132,3.67,45,Infección,0.3658,0,0
sign-video-to-text_28348691-88e8-41f6-aba4-1c4f882e04d5.mp4,dataset_grup_sign\sign-video-to-text_28348691-88e8-41f6-aba4-1c4f882e04d5.mp4,12,120,165,142,4.00,45,Querer,0.8322,1,0
sign-video-to-text_28348691-88e8-41f6-aba4-1c4f882e04d5.mp4,dataset_grup_sign\sign-video-to-text_28348691-88e8-41f6-aba4-1c4f882e04d5.mp4,13,130,175,152,4.33,45,Cómo estás,0.9797,1,0
sign-video-to-text_28348691-88e8-41f6-aba4-1c4f882e04d5.mp4,dataset_grup_sign\sign-video-to-text_28348691-88e8-41f6-aba4-1c4f882e04d5.mp4,14,140,185,162,4.67,45,Dónde,0.9865,1,1
sign-video-to-text_28348691-88e8-41f6-aba4-1c4f882e04d5.mp4,dataset_grup_sign\sign-video-to-text_28348691-88e8-41f6-aba4-1c4f882e04d5.mp4,15,150,195,172,5.00,45,Dónde,0.6147,0,0
sign-video-to-text_28348691-88e8-41f6-aba4-1c4f882e04d5.mp4,dataset_grup_sign\sign-video-to-text_28348691-88e8-41f6-aba4-1c4f882e04d5.mp4,16,160,205,182,5.33,45,Abrazar,0.9934,1,0
sign-video-to-text_28348691-88e8-41f6-aba4-1c4f882e04d5.mp4,dataset_grup_sign\sign-video-to-text_28348691-88e8-41f6-aba4-1c4f882e04d5.mp4,17,170,215,192,5.67,45,Abrazar,0.9908,1,0
sign-video-to-text_28348691-88e8-41f6-aba4-1c4f882e04d5.mp4,dataset_grup_sign\sign-video-to-text_28348691-88e8-41f6-aba4-1c4f882e04d5.mp4,18,180,225,202,6.00,45,Abrazar,0.9993,1,1
sign-video-to-text_28348691-88e8-41f6-aba4-1c4f882e04d5.mp4,dataset_grup_sign\sign-video-to-text_28348691-88e8-41f6-aba4-1c4f882e04d5.mp4,19,190,235,212,6.33,45,Abrazar,0.9972,1,0
sign-video-to-text_28348691-88e8-41f6-aba4-1c4f882e04d5.mp4,dataset_grup_sign\sign-video-to-text_28348691-88e8-41f6-aba4-1c4f882e04d5.mp4,20,200,245,222,6.67,45,Pasear,0.9210,1,0
sign-video-to-text_28348691-88e8-41f6-aba4-1c4f882e04d5.mp4,dataset_grup_sign\sign-video-to-text_28348691-88e8-41f6-aba4-1c4f882e04d5.mp4,21,210,255,232,7.00,45,Perdón,0.8491,1,1
sign-video-to-text_28348691-88e8-41f6-aba4-1c4f882e04d5.mp4,dataset_grup_sign\sign-video-to-text_28348691-88e8-41f6-aba4-1c4f882e04d5.mp4,22,211,256,233,7.03,45,Abrazar,0.8222,1,0
sign-video-to-text_2c6ffabc-cd37-40d2-9a55-f81922b88830.mp4,dataset_grup_sign\sign-video-to-text_2c6ffabc-cd37-40d2-9a55-f81922b88830.mp4,0,0,45,22,0.00,45,g,0.9765,1,1
sign-video-to-text_2c6ffabc-cd37-40d2-9a55-f81922b88830.mp4,dataset_grup_sign\sign-video-to-text_2c6ffabc-cd37-40d2-9a55-f81922b88830.mp4,1,10,55,32,0.33,45,g,0.9730,1,0
sign-video-to-text_2c6ffabc-cd37-40d2-9a55-f81922b88830.mp4,dataset_grup_sign\sign-video-to-text_2c6ffabc-cd37-40d2-9a55-f81922b88830.mp4,2,20,65,42,0.67,45,g,0.9346,1,0
sign-video-to-text_2c6ffabc-cd37-40d2-9a55-f81922b88830.mp4,dataset_grup_sign\sign-video-to-text_2c6ffabc-cd37-40d2-9a55-f81922b88830.mp4,3,30,75,52,1.00,45,Aburrido,0.9218,1,1
sign-video-to-text_2c6ffabc-cd37-40d2-9a55-f81922b88830.mp4,dataset_grup_sign\sign-video-to-text_2c6ffabc-cd37-40d2-9a55-f81922b88830.mp4,4,40,85,62,1.33,45,Aburrido,0.8859,1,0
sign-video-to-text_2c6ffabc-cd37-40d2-9a55-f81922b88830.mp4,dataset_grup_sign\sign-video-to-text_2c6ffabc-cd37-40d2-9a55-f81922b88830.mp4,5,50,95,72,1.67,45,Aburrido,0.5513,0,0
sign-video-to-text_2c6ffabc-cd37-40d2-9a55-f81922b88830.mp4,dataset_grup_sign\sign-video-to-text_2c6ffabc-cd37-40d2-9a55-f81922b88830.mp4,6,60,105,82,2.00,45,Decir,0.7995,1,1
sign-video-to-text_2c6ffabc-cd37-40d2-9a55-f81922b88830.mp4,dataset_grup_sign\sign-video-to-text_2c6ffabc-cd37-40d2-9a55-f81922b88830.mp4,7,70,115,92,2.33,45,g,0.3368,0,0
sign-video-to-text_2c6ffabc-cd37-40d2-9a55-f81922b88830.mp4,dataset_grup_sign\sign-video-to-text_2c6ffabc-cd37-40d2-9a55-f81922b88830.mp4,8,80,125,102,2.67,45,ñ,0.6513,1,0
sign-video-to-text_2c6ffabc-cd37-40d2-9a55-f81922b88830.mp4,dataset_grup_sign\sign-video-to-text_2c6ffabc-cd37-40d2-9a55-f81922b88830.mp4,9,90,135,112,3.00,45,ñ,0.6073,0,0
sign-video-to-text_2c6ffabc-cd37-40d2-9a55-f81922b88830.mp4,dataset_grup_sign\sign-video-to-text_2c6ffabc-cd37-40d2-9a55-f81922b88830.mp4,10,100,145,122,3.33,45,Mucho,0.7163,1,0
sign-video-to-text_2c6ffabc-cd37-40d2-9a55-f81922b88830.mp4,dataset_grup_sign\sign-video-to-text_2c6ffabc-cd37-40d2-9a55-f81922b88830.mp4,11,110,155,132,3.67,45,Mucho,0.7214,1,1
sign-video-to-text_2c6ffabc-cd37-40d2-9a55-f81922b88830.mp4,dataset_grup_sign\sign-video-to-text_2c6ffabc-cd37-40d2-9a55-f81922b88830.mp4,12,120,165,142,4.00,45,Mucho,0.7773,1,0
sign-video-to-text_2c6ffabc-cd37-40d2-9a55-f81922b88830.mp4,dataset_grup_sign\sign-video-to-text_2c6ffabc-cd37-40d2-9a55-f81922b88830.mp4,13,130,175,152,4.33,45,Cómo estás,0.5067,0,0
sign-video-to-text_2c6ffabc-cd37-40d2-9a55-f81922b88830.mp4,dataset_grup_sign\sign-video-to-text_2c6ffabc-cd37-40d2-9a55-f81922b88830.mp4,14,139,184,161,4.63,45,Cómo estás,0.9109,1,1
sign-video-to-text_35e98ee1-8ab5-421e-a41d-722540229c86.mp4,dataset_grup_sign\sign-video-to-text_35e98ee1-8ab5-421e-a41d-722540229c86.mp4,0,0,45,22,0.00,45,A veces,0.3983,0,0
sign-video-to-text_35e98ee1-8ab5-421e-a41d-722540229c86.mp4,dataset_grup_sign\sign-video-to-text_35e98ee1-8ab5-421e-a41d-722540229c86.mp4,1,10,55,32,0.33,45,Aprender,0.5499,0,0
sign-video-to-text_35e98ee1-8ab5-421e-a41d-722540229c86.mp4,dataset_grup_sign\sign-video-to-text_35e98ee1-8ab5-421e-a41d-722540229c86.mp4,2,20,65,42,0.67,45,Allá,0.3846,0,0
sign-video-to-text_35e98ee1-8ab5-421e-a41d-722540229c86.mp4,dataset_grup_sign\sign-video-to-text_35e98ee1-8ab5-421e-a41d-722540229c86.mp4,3,30,75,52,1.00,45,Desmayarse,0.6162,0,0
sign-video-to-text_35e98ee1-8ab5-421e-a41d-722540229c86.mp4,dataset_grup_sign\sign-video-to-text_35e98ee1-8ab5-421e-a41d-722540229c86.mp4,4,40,85,62,1.33,45,Desmayarse,0.6860,1,1
sign-video-to-text_35e98ee1-8ab5-421e-a41d-722540229c86.mp4,dataset_grup_sign\sign-video-to-text_35e98ee1-8ab5-421e-a41d-722540229c86.mp4,5,50,95,72,1.67,45,x,0.4013,0,0
sign-video-to-text_35e98ee1-8ab5-421e-a41d-722540229c86.mp4,dataset_grup_sign\sign-video-to-text_35e98ee1-8ab5-421e-a41d-722540229c86.mp4,6,60,105,82,2.00,45,f,0.3320,0,0
sign-video-to-text_35e98ee1-8ab5-421e-a41d-722540229c86.mp4,dataset_grup_sign\sign-video-to-text_35e98ee1-8ab5-421e-a41d-722540229c86.mp4,7,70,115,92,2.33,45,Cansancio,0.9655,1,1
sign-video-to-text_35e98ee1-8ab5-421e-a41d-722540229c86.mp4,dataset_grup_sign\sign-video-to-text_35e98ee1-8ab5-421e-a41d-722540229c86.mp4,8,80,125,102,2.67,45,Esperar,0.9351,1,0
sign-video-to-text_35e98ee1-8ab5-421e-a41d-722540229c86.mp4,dataset_grup_sign\sign-video-to-text_35e98ee1-8ab5-421e-a41d-722540229c86.mp4,9,90,135,112,3.00,45,Esperar,0.3726,0,0
sign-video-to-text_35e98ee1-8ab5-421e-a41d-722540229c86.mp4,dataset_grup_sign\sign-video-to-text_35e98ee1-8ab5-421e-a41d-722540229c86.mp4,10,100,145,122,3.33,45,g,0.6323,0,0
sign-video-to-text_35e98ee1-8ab5-421e-a41d-722540229c86.mp4,dataset_grup_sign\sign-video-to-text_35e98ee1-8ab5-421e-a41d-722540229c86.mp4,11,110,155,132,3.67,45,Lo siento,0.5917,0,0
sign-video-to-text_35e98ee1-8ab5-421e-a41d-722540229c86.mp4,dataset_grup_sign\sign-video-to-text_35e98ee1-8ab5-421e-a41d-722540229c86.mp4,12,120,165,142,4.00,45,Lo siento,0.9157,1,1
sign-video-to-text_35e98ee1-8ab5-421e-a41d-722540229c86.mp4,dataset_grup_sign\sign-video-to-text_35e98ee1-8ab5-421e-a41d-722540229c86.mp4,13,130,175,152,4.33,45,g,0.5916,0,0
sign-video-to-text_35e98ee1-8ab5-421e-a41d-722540229c86.mp4,dataset_grup_sign\sign-video-to-text_35e98ee1-8ab5-421e-a41d-722540229c86.mp4,14,140,185,162,4.67,45,Lo siento,0.8760,1,0
sign-video-to-text_35e98ee1-8ab5-421e-a41d-722540229c86.mp4,dataset_grup_sign\sign-video-to-text_35e98ee1-8ab5-421e-a41d-722540229c86.mp4,15,143,188,165,4.77,45,Lo siento,0.7340,1,0
sign-video-to-text_50b5a3c6-82bd-4a2a-b21e-c4bb39834c61.mp4,dataset_grup_sign\sign-video-to-text_50b5a3c6-82bd-4a2a-b21e-c4bb39834c61.mp4,0,0,45,22,0.00,45,g,0.7728,1,0
sign-video-to-text_50b5a3c6-82bd-4a2a-b21e-c4bb39834c61.mp4,dataset_grup_sign\sign-video-to-text_50b5a3c6-82bd-4a2a-b21e-c4bb39834c61.mp4,1,10,55,32,0.33,45,Por favor,0.8037,1,1
sign-video-to-text_50b5a3c6-82bd-4a2a-b21e-c4bb39834c61.mp4,dataset_grup_sign\sign-video-to-text_50b5a3c6-82bd-4a2a-b21e-c4bb39834c61.mp4,2,20,65,42,0.67,45,Por favor,0.9347,1,0
sign-video-to-text_50b5a3c6-82bd-4a2a-b21e-c4bb39834c61.mp4,dataset_grup_sign\sign-video-to-text_50b5a3c6-82bd-4a2a-b21e-c4bb39834c61.mp4,3,30,75,52,1.00,45,Aburrido,0.9444,1,0
sign-video-to-text_50b5a3c6-82bd-4a2a-b21e-c4bb39834c61.mp4,dataset_grup_sign\sign-video-to-text_50b5a3c6-82bd-4a2a-b21e-c4bb39834c61.mp4,4,40,85,62,1.33,45,Aburrido,0.9837,1,1
sign-video-to-text_50b5a3c6-82bd-4a2a-b21e-c4bb39834c61.mp4,dataset_grup_sign\sign-video-to-text_50b5a3c6-82bd-4a2a-b21e-c4bb39834c61.mp4,5,50,95,72,1.67,45,Aburrido,0.9530,1,0
sign-video-to-text_50b5a3c6-82bd-4a2a-b21e-c4bb39834c61.mp4,dataset_grup_sign\sign-video-to-text_50b5a3c6-82bd-4a2a-b21e-c4bb39834c61.mp4,6,60,105,82,2.00,45,Aburrido,0.9650,1,0
sign-video-to-text_50b5a3c6-82bd-4a2a-b21e-c4bb39834c61.mp4,dataset_grup_sign\sign-video-to-text_50b5a3c6-82bd-4a2a-b21e-c4bb39834c61.mp4,7,70,115,92,2.33,45,Decir,0.8778,1,1
sign-video-to-text_50b5a3c6-82bd-4a2a-b21e-c4bb39834c61.mp4,dataset_grup_sign\sign-video-to-text_50b5a3c6-82bd-4a2a-b21e-c4bb39834c61.mp4,8,80,125,102,2.67,45,Decir,0.4024,0,0
sign-video-to-text_50b5a3c6-82bd-4a2a-b21e-c4bb39834c61.mp4,dataset_grup_sign\sign-video-to-text_50b5a3c6-82bd-4a2a-b21e-c4bb39834c61.mp4,9,90,135,112,3.00,45,g,0.3810,0,0
sign-video-to-text_50b5a3c6-82bd-4a2a-b21e-c4bb39834c61.mp4,dataset_grup_sign\sign-video-to-text_50b5a3c6-82bd-4a2a-b21e-c4bb39834c61.mp4,10,100,145,122,3.33,45,Hablar,0.3559,0,0
sign-video-to-text_50b5a3c6-82bd-4a2a-b21e-c4bb39834c61.mp4,dataset_grup_sign\sign-video-to-text_50b5a3c6-82bd-4a2a-b21e-c4bb39834c61.mp4,11,110,155,132,3.67,45,Mucho,0.4592,0,0
sign-video-to-text_50b5a3c6-82bd-4a2a-b21e-c4bb39834c61.mp4,dataset_grup_sign\sign-video-to-text_50b5a3c6-82bd-4a2a-b21e-c4bb39834c61.mp4,12,120,165,142,4.00,45,Mucho,0.5503,0,0
sign-video-to-text_50b5a3c6-82bd-4a2a-b21e-c4bb39834c61.mp4,dataset_grup_sign\sign-video-to-text_50b5a3c6-82bd-4a2a-b21e-c4bb39834c61.mp4,13,130,175,152,4.33,45,Mucho,0.9096,1,1
sign-video-to-text_50b5a3c6-82bd-4a2a-b21e-c4bb39834c61.mp4,dataset_grup_sign\sign-video-to-text_50b5a3c6-82bd-4a2a-b21e-c4bb39834c61.mp4,14,140,185,162,4.67,45,Mucho,0.6603,1,0
sign-video-to-text_50b5a3c6-82bd-4a2a-b21e-c4bb39834c61.mp4,dataset_grup_sign\sign-video-to-text_50b5a3c6-82bd-4a2a-b21e-c4bb39834c61.mp4,15,150,195,172,5.00,45,Aceptar,0.7561,1,0
sign-video-to-text_50b5a3c6-82bd-4a2a-b21e-c4bb39834c61.mp4,dataset_grup_sign\sign-video-to-text_50b5a3c6-82bd-4a2a-b21e-c4bb39834c61.mp4,16,160,205,182,5.33,45,Aceptar,0.4922,0,0
sign-video-to-text_50b5a3c6-82bd-4a2a-b21e-c4bb39834c61.mp4,dataset_grup_sign\sign-video-to-text_50b5a3c6-82bd-4a2a-b21e-c4bb39834c61.mp4,17,170,215,192,5.67,45,Aceptar,0.5337,0,0
sign-video-to-text_50b5a3c6-82bd-4a2a-b21e-c4bb39834c61.mp4,dataset_grup_sign\sign-video-to-text_50b5a3c6-82bd-4a2a-b21e-c4bb39834c61.mp4,18,180,225,202,6.00,45,Hablar,0.7671,1,1
sign-video-to-text_50b5a3c6-82bd-4a2a-b21e-c4bb39834c61.mp4,dataset_grup_sign\sign-video-to-text_50b5a3c6-82bd-4a2a-b21e-c4bb39834c61.mp4,19,185,230,207,6.17,45,Hablar,0.6157,0,0
sign-video-to-text_6fe6b912-389f-4ff3-b335-b6cd2660cc36.mp4,dataset_grup_sign\sign-video-to-text_6fe6b912-389f-4ff3-b335-b6cd2660cc36.mp4,0,0,45,22,0.00,45,A veces,0.9981,1,1
sign-video-to-text_6fe6b912-389f-4ff3-b335-b6cd2660cc36.mp4,dataset_grup_sign\sign-video-to-text_6fe6b912-389f-4ff3-b335-b6cd2660cc36.mp4,1,10,55,32,0.33,45,Preocupar,0.3705,0,0
sign-video-to-text_6fe6b912-389f-4ff3-b335-b6cd2660cc36.mp4,dataset_grup_sign\sign-video-to-text_6fe6b912-389f-4ff3-b335-b6cd2660cc36.mp4,2,20,65,42,0.67,45,Preocupar,0.4897,0,0
sign-video-to-text_6fe6b912-389f-4ff3-b335-b6cd2660cc36.mp4,dataset_grup_sign\sign-video-to-text_6fe6b912-389f-4ff3-b335-b6cd2660cc36.mp4,3,30,75,52,1.00,45,A veces,0.9060,1,0
sign-video-to-text_6fe6b912-389f-4ff3-b335-b6cd2660cc36.mp4,dataset_grup_sign\sign-video-to-text_6fe6b912-389f-4ff3-b335-b6cd2660cc36.mp4,4,40,85,62,1.33,45,Preocupar,0.6296,0,0
sign-video-to-text_6fe6b912-389f-4ff3-b335-b6cd2660cc36.mp4,dataset_grup_sign\sign-video-to-text_6fe6b912-389f-4ff3-b335-b6cd2660cc36.mp4,5,50,95,72,1.67,45,A veces,0.9991,1,1
sign-video-to-text_6fe6b912-389f-4ff3-b335-b6cd2660cc36.mp4,dataset_grup_sign\sign-video-to-text_6fe6b912-389f-4ff3-b335-b6cd2660cc36.mp4,6,60,105,82,2.00,45,Prohibir,0.8174,1,0
sign-video-to-text_6fe6b912-389f-4ff3-b335-b6cd2660cc36.mp4,dataset_grup_sign\sign-video-to-text_6fe6b912-389f-4ff3-b335-b6cd2660cc36.mp4,7,61,106,83,2.03,45,Prohibir,0.7783,1,0
sign-video-to-text_72351995-77c3-45c4-b7cd-8826da5dd9bf.mp4,dataset_grup_sign\sign-video-to-text_72351995-77c3-45c4-b7cd-8826da5dd9bf.mp4,0,0,45,22,0.00,45,Recordar,0.2158,0,0
sign-video-to-text_72351995-77c3-45c4-b7cd-8826da5dd9bf.mp4,dataset_grup_sign\sign-video-to-text_72351995-77c3-45c4-b7cd-8826da5dd9bf.mp4,1,10,55,32,0.33,45,Olvidar,0.5684,0,0
sign-video-to-text_72351995-77c3-45c4-b7cd-8826da5dd9bf.mp4,dataset_grup_sign\sign-video-to-text_72351995-77c3-45c4-b7cd-8826da5dd9bf.mp4,2,20,65,42,0.67,45,Olvidar,0.6872,1,1
sign-video-to-text_72351995-77c3-45c4-b7cd-8826da5dd9bf.mp4,dataset_grup_sign\sign-video-to-text_72351995-77c3-45c4-b7cd-8826da5dd9bf.mp4,3,30,75,52,1.00,45,Olvidar,0.2579,0,0
sign-video-to-text_72351995-77c3-45c4-b7cd-8826da5dd9bf.mp4,dataset_grup_sign\sign-video-to-text_72351995-77c3-45c4-b7cd-8826da5dd9bf.mp4,4,40,85,62,1.33,45,Por qué,0.6609,1,0
sign-video-to-text_72351995-77c3-45c4-b7cd-8826da5dd9bf.mp4,dataset_grup_sign\sign-video-to-text_72351995-77c3-45c4-b7cd-8826da5dd9bf.mp4,5,50,95,72,1.67,45,Por qué,0.9676,1,0
sign-video-to-text_72351995-77c3-45c4-b7cd-8826da5dd9bf.mp4,dataset_grup_sign\sign-video-to-text_72351995-77c3-45c4-b7cd-8826da5dd9bf.mp4,6,60,105,82,2.00,45,Aburrido,0.7989,1,0
sign-video-to-text_72351995-77c3-45c4-b7cd-8826da5dd9bf.mp4,dataset_grup_sign\sign-video-to-text_72351995-77c3-45c4-b7cd-8826da5dd9bf.mp4,7,70,115,92,2.33,45,Aburrido,0.9959,1,1
sign-video-to-text_72351995-77c3-45c4-b7cd-8826da5dd9bf.mp4,dataset_grup_sign\sign-video-to-text_72351995-77c3-45c4-b7cd-8826da5dd9bf.mp4,8,80,125,102,2.67,45,Interesar,0.4670,0,0
sign-video-to-text_72351995-77c3-45c4-b7cd-8826da5dd9bf.mp4,dataset_grup_sign\sign-video-to-text_72351995-77c3-45c4-b7cd-8826da5dd9bf.mp4,9,90,135,112,3.00,45,Interesar,0.6284,0,0
sign-video-to-text_72351995-77c3-45c4-b7cd-8826da5dd9bf.mp4,dataset_grup_sign\sign-video-to-text_72351995-77c3-45c4-b7cd-8826da5dd9bf.mp4,10,100,145,122,3.33,45,Grosero,0.9644,1,1
sign-video-to-text_72351995-77c3-45c4-b7cd-8826da5dd9bf.mp4,dataset_grup_sign\sign-video-to-text_72351995-77c3-45c4-b7cd-8826da5dd9bf.mp4,11,110,155,132,3.67,45,Por favor,0.3353,0,0
sign-video-to-text_72351995-77c3-45c4-b7cd-8826da5dd9bf.mp4,dataset_grup_sign\sign-video-to-text_72351995-77c3-45c4-b7cd-8826da5dd9bf.mp4,12,120,165,142,4.00,45,g,0.4068,0,0
sign-video-to-text_72351995-77c3-45c4-b7cd-8826da5dd9bf.mp4,dataset_grup_sign\sign-video-to-text_72351995-77c3-45c4-b7cd-8826da5dd9bf.mp4,13,130,175,152,4.33,45,g,0.7252,1,1
sign-video-to-text_72351995-77c3-45c4-b7cd-8826da5dd9bf.mp4,dataset_grup_sign\sign-video-to-text_72351995-77c3-45c4-b7cd-8826da5dd9bf.mp4,14,140,185,162,4.67,45,g,0.5409,0,0
sign-video-to-text_72351995-77c3-45c4-b7cd-8826da5dd9bf.mp4,dataset_grup_sign\sign-video-to-text_72351995-77c3-45c4-b7cd-8826da5dd9bf.mp4,15,150,195,172,5.00,45,j,0.4746,0,0
sign-video-to-text_72351995-77c3-45c4-b7cd-8826da5dd9bf.mp4,dataset_grup_sign\sign-video-to-text_72351995-77c3-45c4-b7cd-8826da5dd9bf.mp4,16,153,198,175,5.10,45,h,0.4931,0,0
sign-video-to-text_76f927c3-c88c-44bc-b996-fa8dd881a556.mp4,dataset_grup_sign\sign-video-to-text_76f927c3-c88c-44bc-b996-fa8dd881a556.mp4,0,0,45,22,0.00,45,A veces,0.9097,1,1
sign-video-to-text_76f927c3-c88c-44bc-b996-fa8dd881a556.mp4,dataset_grup_sign\sign-video-to-text_76f927c3-c88c-44bc-b996-fa8dd881a556.mp4,1,10,55,32,0.33,45,A veces,0.8287,1,0
sign-video-to-text_76f927c3-c88c-44bc-b996-fa8dd881a556.mp4,dataset_grup_sign\sign-video-to-text_76f927c3-c88c-44bc-b996-fa8dd881a556.mp4,2,20,65,42,0.67,45,Visitar,0.7285,1,0
sign-video-to-text_76f927c3-c88c-44bc-b996-fa8dd881a556.mp4,dataset_grup_sign\sign-video-to-text_76f927c3-c88c-44bc-b996-fa8dd881a556.mp4,3,30,75,52,1.00,45,Preocupar,0.2229,0,0
sign-video-to-text_76f927c3-c88c-44bc-b996-fa8dd881a556.mp4,dataset_grup_sign\sign-video-to-text_76f927c3-c88c-44bc-b996-fa8dd881a556.mp4,4,40,85,62,1.33,45,Deprimido,0.7529,1,1
sign-video-to-text_76f927c3-c88c-44bc-b996-fa8dd881a556.mp4,dataset_grup_sign\sign-video-to-text_76f927c3-c88c-44bc-b996-fa8dd881a556.mp4,5,50,95,72,1.67,45,A veces,0.2627,0,0
sign-video-to-text_76f927c3-c88c-44bc-b996-fa8dd881a556.mp4,dataset_grup_sign\sign-video-to-text_76f927c3-c88c-44bc-b996-fa8dd881a556.mp4,6,60,105,82,2.00,45,A veces,0.6443,0,0
sign-video-to-text_76f927c3-c88c-44bc-b996-fa8dd881a556.mp4,dataset_grup_sign\sign-video-to-text_76f927c3-c88c-44bc-b996-fa8dd881a556.mp4,7,70,115,92,2.33,45,Deprimido,0.2784,0,0
sign-video-to-text_76f927c3-c88c-44bc-b996-fa8dd881a556.mp4,dataset_grup_sign\sign-video-to-text_76f927c3-c88c-44bc-b996-fa8dd881a556.mp4,8,80,125,102,2.67,45,Deprimido,0.6965,1,1
sign-video-to-text_76f927c3-c88c-44bc-b996-fa8dd881a556.mp4,dataset_grup_sign\sign-video-to-text_76f927c3-c88c-44bc-b996-fa8dd881a556.mp4,9,90,135,112,3.00,45,Saber,0.5091,0,0
sign-video-to-text_76f927c3-c88c-44bc-b996-fa8dd881a556.mp4,dataset_grup_sign\sign-video-to-text_76f927c3-c88c-44bc-b996-fa8dd881a556.mp4,10,100,145,122,3.33,45,El,0.2829,0,0
sign-video-to-text_76f927c3-c88c-44bc-b996-fa8dd881a556.mp4,dataset_grup_sign\sign-video-to-text_76f927c3-c88c-44bc-b996-fa8dd881a556.mp4,11,110,155,132,3.67,45,Salir,0.6451,0,0
sign-video-to-text_76f927c3-c88c-44bc-b996-fa8dd881a556.mp4,dataset_grup_sign\sign-video-to-text_76f927c3-c88c-44bc-b996-fa8dd881a556.mp4,12,120,165,142,4.00,45,Jamás,0.6520,1,0
sign-video-to-text_76f927c3-c88c-44bc-b996-fa8dd881a556.mp4,dataset_grup_sign\sign-video-to-text_76f927c3-c88c-44bc-b996-fa8dd881a556.mp4,13,130,175,152,4.33,45,A veces,0.9436,1,1
sign-video-to-text_76f927c3-c88c-44bc-b996-fa8dd881a556.mp4,dataset_grup_sign\sign-video-to-text_76f927c3-c88c-44bc-b996-fa8dd881a556.mp4,14,140,185,162,4.67,45,Jamás,0.4592,0,0
sign-video-to-text_76f927c3-c88c-44bc-b996-fa8dd881a556.mp4,dataset_grup_sign\sign-video-to-text_76f927c3-c88c-44bc-b996-fa8dd881a556.mp4,15,150,195,172,5.00,45,No poder,0.4052,0,0
sign-video-to-text_76f927c3-c88c-44bc-b996-fa8dd881a556.mp4,dataset_grup_sign\sign-video-to-text_76f927c3-c88c-44bc-b996-fa8dd881a556.mp4,16,160,205,182,5.33,45,A veces,0.9971,1,0
sign-video-to-text_76f927c3-c88c-44bc-b996-fa8dd881a556.mp4,dataset_grup_sign\sign-video-to-text_76f927c3-c88c-44bc-b996-fa8dd881a556.mp4,17,170,215,192,5.67,45,A veces,0.9972,1,1
sign-video-to-text_76f927c3-c88c-44bc-b996-fa8dd881a556.mp4,dataset_grup_sign\sign-video-to-text_76f927c3-c88c-44bc-b996-fa8dd881a556.mp4,18,180,225,202,6.00,45,Visitar,0.6922,1,0
sign-video-to-text_76f927c3-c88c-44bc-b996-fa8dd881a556.mp4,dataset_grup_sign\sign-video-to-text_76f927c3-c88c-44bc-b996-fa8dd881a556.mp4,19,190,235,212,6.33,45,Visitar,0.7633,1,0
sign-video-to-text_76f927c3-c88c-44bc-b996-fa8dd881a556.mp4,dataset_grup_sign\sign-video-to-text_76f927c3-c88c-44bc-b996-fa8dd881a556.mp4,20,200,245,222,6.67,45,Defender,0.4941,0,0
sign-video-to-text_76f927c3-c88c-44bc-b996-fa8dd881a556.mp4,dataset_grup_sign\sign-video-to-text_76f927c3-c88c-44bc-b996-fa8dd881a556.mp4,21,210,255,232,7.00,45,Defender,0.2868,0,0
sign-video-to-text_76f927c3-c88c-44bc-b996-fa8dd881a556.mp4,dataset_grup_sign\sign-video-to-text_76f927c3-c88c-44bc-b996-fa8dd881a556.mp4,22,220,265,242,7.33,45,Por favor,0.8371,1,0
sign-video-to-text_76f927c3-c88c-44bc-b996-fa8dd881a556.mp4,dataset_grup_sign\sign-video-to-text_76f927c3-c88c-44bc-b996-fa8dd881a556.mp4,23,230,275,252,7.67,45,g,0.8672,1,1
sign-video-to-text_76f927c3-c88c-44bc-b996-fa8dd881a556.mp4,dataset_grup_sign\sign-video-to-text_76f927c3-c88c-44bc-b996-fa8dd881a556.mp4,24,240,285,262,8.00,45,f,0.5425,0,0
sign-video-to-text_76f927c3-c88c-44bc-b996-fa8dd881a556.mp4,dataset_grup_sign\sign-video-to-text_76f927c3-c88c-44bc-b996-fa8dd881a556.mp4,25,250,295,272,8.33,45,f,0.7755,1,0
sign-video-to-text_76f927c3-c88c-44bc-b996-fa8dd881a556.mp4,dataset_grup_sign\sign-video-to-text_76f927c3-c88c-44bc-b996-fa8dd881a556.mp4,26,254,299,276,8.47,45,Miedo,0.8327,1,0
sign-video-to-text_87cf0dd9-fac8-4c63-b086-145e38f43bd3.mp4,dataset_grup_sign\sign-video-to-text_87cf0dd9-fac8-4c63-b086-145e38f43bd3.mp4,0,0,45,22,0.00,45,Saber,0.7576,1,0
sign-video-to-text_87cf0dd9-fac8-4c63-b086-145e38f43bd3.mp4,dataset_grup_sign\sign-video-to-text_87cf0dd9-fac8-4c63-b086-145e38f43bd3.mp4,1,10,55,32,0.33,45,Saber,0.9863,1,1
sign-video-to-text_87cf0dd9-fac8-4c63-b086-145e38f43bd3.mp4,dataset_grup_sign\sign-video-to-text_87cf0dd9-fac8-4c63-b086-145e38f43bd3.mp4,2,20,65,42,0.67,45,Saber,0.8648,1,0
sign-video-to-text_87cf0dd9-fac8-4c63-b086-145e38f43bd3.mp4,dataset_grup_sign\sign-video-to-text_87cf0dd9-fac8-4c63-b086-145e38f43bd3.mp4,3,30,75,52,1.00,45,Hospital,0.5000,0,0
sign-video-to-text_87cf0dd9-fac8-4c63-b086-145e38f43bd3.mp4,dataset_grup_sign\sign-video-to-text_87cf0dd9-fac8-4c63-b086-145e38f43bd3.mp4,4,40,85,62,1.33,45,Por qué,0.5085,0,0
sign-video-to-text_87cf0dd9-fac8-4c63-b086-145e38f43bd3.mp4,dataset_grup_sign\sign-video-to-text_87cf0dd9-fac8-4c63-b086-145e38f43bd3.mp4,5,50,95,72,1.67,45,k,0.2236,0,0
sign-video-to-text_87cf0dd9-fac8-4c63-b086-145e38f43bd3.mp4,dataset_grup_sign\sign-video-to-text_87cf0dd9-fac8-4c63-b086-145e38f43bd3.mp4,6,60,105,82,2.00,45,Nosotros,0.8192,1,0
sign-video-to-text_87cf0dd9-fac8-4c63-b086-145e38f43bd3.mp4,dataset_grup_sign\sign-video-to-text_87cf0dd9-fac8-4c63-b086-145e38f43bd3.mp4,7,70,115,92,2.33,45,Nosotros,0.8977,1,0
sign-video-to-text_87cf0dd9-fac8-4c63-b086-145e38f43bd3.mp4,dataset_grup_sign\sign-video-to-text_87cf0dd9-fac8-4c63-b086-145e38f43bd3.mp4,8,80,125,102,2.67,45,Lo siento,0.9960,1,1
sign-video-to-text_87cf0dd9-fac8-4c63-b086-145e38f43bd3.mp4,dataset_grup_sign\sign-video-to-text_87cf0dd9-fac8-4c63-b086-145e38f43bd3.mp4,9,90,135,112,3.00,45,Lo siento,0.8003,1,0
sign-video-to-text_87cf0dd9-fac8-4c63-b086-145e38f43bd3.mp4,dataset_grup_sign\sign-video-to-text_87cf0dd9-fac8-4c63-b086-145e38f43bd3.mp4,10,100,145,122,3.33,45,Droguería,0.4091,0,0
sign-video-to-text_87cf0dd9-fac8-4c63-b086-145e38f43bd3.mp4,dataset_grup_sign\sign-video-to-text_87cf0dd9-fac8-4c63-b086-145e38f43bd3.mp4,11,110,155,132,3.67,45,i,0.7921,1,0
sign-video-to-text_87cf0dd9-fac8-4c63-b086-145e38f43bd3.mp4,dataset_grup_sign\sign-video-to-text_87cf0dd9-fac8-4c63-b086-145e38f43bd3.mp4,12,120,165,142,4.00,45,k,0.9939,1,1
sign-video-to-text_87cf0dd9-fac8-4c63-b086-145e38f43bd3.mp4,dataset_grup_sign\sign-video-to-text_87cf0dd9-fac8-4c63-b086-145e38f43bd3.mp4,13,130,175,152,4.33,45,k,0.8572,1,0
sign-video-to-text_87cf0dd9-fac8-4c63-b086-145e38f43bd3.mp4,dataset_grup_sign\sign-video-to-text_87cf0dd9-fac8-4c63-b086-145e38f43bd3.mp4,14,140,185,162,4.67,45,k,0.9062,1,0
sign-video-to-text_87cf0dd9-fac8-4c63-b086-145e38f43bd3.mp4,dataset_grup_sign\sign-video-to-text_87cf0dd9-fac8-4c63-b086-145e38f43bd3.mp4,15,150,195,172,5.00,45,i,0.6784,1,1
sign-video-to-text_87cf0dd9-fac8-4c63-b086-145e38f43bd3.mp4,dataset_grup_sign\sign-video-to-text_87cf0dd9-fac8-4c63-b086-145e38f43bd3.mp4,16,160,205,182,5.33,45,k,0.5403,0,0
sign-video-to-text_87cf0dd9-fac8-4c63-b086-145e38f43bd3.mp4,dataset_grup_sign\sign-video-to-text_87cf0dd9-fac8-4c63-b086-145e38f43bd3.mp4,17,170,215,192,5.67,45,k,0.3376,0,0
sign-video-to-text_87cf0dd9-fac8-4c63-b086-145e38f43bd3.mp4,dataset_grup_sign\sign-video-to-text_87cf0dd9-fac8-4c63-b086-145e38f43bd3.mp4,18,180,225,202,6.00,45,l,0.7867,1,0
sign-video-to-text_87cf0dd9-fac8-4c63-b086-145e38f43bd3.mp4,dataset_grup_sign\sign-video-to-text_87cf0dd9-fac8-4c63-b086-145e38f43bd3.mp4,19,190,235,212,6.33,45,t,0.3106,0,0
sign-video-to-text_87cf0dd9-fac8-4c63-b086-145e38f43bd3.mp4,dataset_grup_sign\sign-video-to-text_87cf0dd9-fac8-4c63-b086-145e38f43bd3.mp4,20,200,245,222,6.67,45,o,0.9627,1,1
sign-video-to-text_87cf0dd9-fac8-4c63-b086-145e38f43bd3.mp4,dataset_grup_sign\sign-video-to-text_87cf0dd9-fac8-4c63-b086-145e38f43bd3.mp4,21,210,255,232,7.00,45,o,0.8333,1,0
sign-video-to-text_87cf0dd9-fac8-4c63-b086-145e38f43bd3.mp4,dataset_grup_sign\sign-video-to-text_87cf0dd9-fac8-4c63-b086-145e38f43bd3.mp4,22,220,265,242,7.33,45,l,0.3752,0,0
sign-video-to-text_87cf0dd9-fac8-4c63-b086-145e38f43bd3.mp4,dataset_grup_sign\sign-video-to-text_87cf0dd9-fac8-4c63-b086-145e38f43bd3.mp4,23,230,275,252,7.67,45,h,0.4961,0,0
sign-video-to-text_87cf0dd9-fac8-4c63-b086-145e38f43bd3.mp4,dataset_grup_sign\sign-video-to-text_87cf0dd9-fac8-4c63-b086-145e38f43bd3.mp4,24,240,285,262,8.00,45,p,0.6665,1,1
sign-video-to-text_87cf0dd9-fac8-4c63-b086-145e38f43bd3.mp4,dataset_grup_sign\sign-video-to-text_87cf0dd9-fac8-4c63-b086-145e38f43bd3.mp4,25,250,295,272,8.33,45,g,0.6126,0,0
sign-video-to-text_87cf0dd9-fac8-4c63-b086-145e38f43bd3.mp4,dataset_grup_sign\sign-video-to-text_87cf0dd9-fac8-4c63-b086-145e38f43bd3.mp4,26,260,305,282,8.67,45,j,0.9612,1,0
sign-video-to-text_87cf0dd9-fac8-4c63-b086-145e38f43bd3.mp4,dataset_grup_sign\sign-video-to-text_87cf0dd9-fac8-4c63-b086-145e38f43bd3.mp4,27,270,315,292,9.00,45,j,0.9650,1,1
sign-video-to-text_87cf0dd9-fac8-4c63-b086-145e38f43bd3.mp4,dataset_grup_sign\sign-video-to-text_87cf0dd9-fac8-4c63-b086-145e38f43bd3.mp4,28,280,325,302,9.33,45,Aprovechar,0.3095,0,0
sign-video-to-text_87cf0dd9-fac8-4c63-b086-145e38f43bd3.mp4,dataset_grup_sign\sign-video-to-text_87cf0dd9-fac8-4c63-b086-145e38f43bd3.mp4,29,290,335,312,9.67,45,t,0.6974,1,0
sign-video-to-text_87cf0dd9-fac8-4c63-b086-145e38f43bd3.mp4,dataset_grup_sign\sign-video-to-text_87cf0dd9-fac8-4c63-b086-145e38f43bd3.mp4,30,300,345,322,10.00,45,o,0.9358,1,0
sign-video-to-text_87cf0dd9-fac8-4c63-b086-145e38f43bd3.mp4,dataset_grup_sign\sign-video-to-text_87cf0dd9-fac8-4c63-b086-145e38f43bd3.mp4,31,310,355,332,10.33,45,o,0.9668,1,1
sign-video-to-text_87cf0dd9-fac8-4c63-b086-145e38f43bd3.mp4,dataset_grup_sign\sign-video-to-text_87cf0dd9-fac8-4c63-b086-145e38f43bd3.mp4,32,320,365,342,10.67,45,o,0.5877,0,0
sign-video-to-text_87cf0dd9-fac8-4c63-b086-145e38f43bd3.mp4,dataset_grup_sign\sign-video-to-text_87cf0dd9-fac8-4c63-b086-145e38f43bd3.mp4,33,325,370,347,10.83,45,Buscar,0.4142,0,0
sign-video-to-text_961ab2c5-c678-4535-aa9e-98b7e4b1efc8.mp4,dataset_grup_sign\sign-video-to-text_961ab2c5-c678-4535-aa9e-98b7e4b1efc8.mp4,0,0,45,22,0.00,45,a,0.6664,1,1
sign-video-to-text_961ab2c5-c678-4535-aa9e-98b7e4b1efc8.mp4,dataset_grup_sign\sign-video-to-text_961ab2c5-c678-4535-aa9e-98b7e4b1efc8.mp4,1,10,55,32,0.33,45,d,0.5538,0,0
sign-video-to-text_961ab2c5-c678-4535-aa9e-98b7e4b1efc8.mp4,dataset_grup_sign\sign-video-to-text_961ab2c5-c678-4535-aa9e-98b7e4b1efc8.mp4,2,20,65,42,0.67,45,Preocupar,0.4469,0,0
sign-video-to-text_961ab2c5-c678-4535-aa9e-98b7e4b1efc8.mp4,dataset_grup_sign\sign-video-to-text_961ab2c5-c678-4535-aa9e-98b7e4b1efc8.mp4,3,30,75,52,1.00,45,Preocupar,0.3999,0,0
sign-video-to-text_961ab2c5-c678-4535-aa9e-98b7e4b1efc8.mp4,dataset_grup_sign\sign-video-to-text_961ab2c5-c678-4535-aa9e-98b7e4b1efc8.mp4,4,40,85,62,1.33,45,Visitar,0.8842,1,1
sign-video-to-text_961ab2c5-c678-4535-aa9e-98b7e4b1efc8.mp4,dataset_grup_sign\sign-video-to-text_961ab2c5-c678-4535-aa9e-98b7e4b1efc8.mp4,5,50,95,72,1.67,45,Visitar,0.6776,1,0
sign-video-to-text_961ab2c5-c678-4535-aa9e-98b7e4b1efc8.mp4,dataset_grup_sign\sign-video-to-text_961ab2c5-c678-4535-aa9e-98b7e4b1efc8.mp4,6,60,105,82,2.00,45,Noche,0.5250,0,0
sign-video-to-text_961ab2c5-c678-4535-aa9e-98b7e4b1efc8.mp4,dataset_grup_sign\sign-video-to-text_961ab2c5-c678-4535-aa9e-98b7e4b1efc8.mp4,7,70,115,92,2.33,45,Deprimido,0.3551,0,0
sign-video-to-text_961ab2c5-c678-4535-aa9e-98b7e4b1efc8.mp4,dataset_grup_sign\sign-video-to-text_961ab2c5-c678-4535-aa9e-98b7e4b1efc8.mp4,8,80,125,102,2.67,45,Dudar,0.6604,1,1
sign-video-to-text_961ab2c5-c678-4535-aa9e-98b7e4b1efc8.mp4,dataset_grup_sign\sign-video-to-text_961ab2c5-c678-4535-aa9e-98b7e4b1efc8.mp4,9,90,135,112,3.00,45,Dudar,0.4302,0,0
sign-video-to-text_961ab2c5-c678-4535-aa9e-98b7e4b1efc8.mp4,dataset_grup_sign\sign-video-to-text_961ab2c5-c678-4535-aa9e-98b7e4b1efc8.mp4,10,100,145,122,3.33,45,Deprimido,0.6464,0,0
sign-video-to-text_961ab2c5-c678-4535-aa9e-98b7e4b1efc8.mp4,dataset_grup_sign\sign-video-to-text_961ab2c5-c678-4535-aa9e-98b7e4b1efc8.mp4,11,110,155,132,3.67,45,Deprimido,0.8082,1,1
sign-video-to-text_961ab2c5-c678-4535-aa9e-98b7e4b1efc8.mp4,dataset_grup_sign\sign-video-to-text_961ab2c5-c678-4535-aa9e-98b7e4b1efc8.mp4,12,120,165,142,4.00,45,Deprimido,0.4755,0,0
sign-video-to-text_961ab2c5-c678-4535-aa9e-98b7e4b1efc8.mp4,dataset_grup_sign\sign-video-to-text_961ab2c5-c678-4535-aa9e-98b7e4b1efc8.mp4,13,130,175,152,4.33,45,Deprimido,0.4364,0,0
sign-video-to-text_961ab2c5-c678-4535-aa9e-98b7e4b1efc8.mp4,dataset_grup_sign\sign-video-to-text_961ab2c5-c678-4535-aa9e-98b7e4b1efc8.mp4,14,140,185,162,4.67,45,Dudar,0.4964,0,0
sign-video-to-text_961ab2c5-c678-4535-aa9e-98b7e4b1efc8.mp4,dataset_grup_sign\sign-video-to-text_961ab2c5-c678-4535-aa9e-98b7e4b1efc8.mp4,15,150,195,172,5.00,45,Deprimido,0.7890,1,0
sign-video-to-text_961ab2c5-c678-4535-aa9e-98b7e4b1efc8.mp4,dataset_grup_sign\sign-video-to-text_961ab2c5-c678-4535-aa9e-98b7e4b1efc8.mp4,16,160,205,182,5.33,45,Deprimido,0.8204,1,1
sign-video-to-text_961ab2c5-c678-4535-aa9e-98b7e4b1efc8.mp4,dataset_grup_sign\sign-video-to-text_961ab2c5-c678-4535-aa9e-98b7e4b1efc8.mp4,17,170,215,192,5.67,45,Deprimido,0.8917,1,0
sign-video-to-text_961ab2c5-c678-4535-aa9e-98b7e4b1efc8.mp4,dataset_grup_sign\sign-video-to-text_961ab2c5-c678-4535-aa9e-98b7e4b1efc8.mp4,18,180,225,202,6.00,45,Abandonar,0.9277,1,0
sign-video-to-text_961ab2c5-c678-4535-aa9e-98b7e4b1efc8.mp4,dataset_grup_sign\sign-video-to-text_961ab2c5-c678-4535-aa9e-98b7e4b1efc8.mp4,19,190,235,212,6.33,45,Abandonar,0.9652,1,1
sign-video-to-text_961ab2c5-c678-4535-aa9e-98b7e4b1efc8.mp4,dataset_grup_sign\sign-video-to-text_961ab2c5-c678-4535-aa9e-98b7e4b1efc8.mp4,20,200,245,222,6.67,45,Abandonar,0.8887,1,0
sign-video-to-text_961ab2c5-c678-4535-aa9e-98b7e4b1efc8.mp4,dataset_grup_sign\sign-video-to-text_961ab2c5-c678-4535-aa9e-98b7e4b1efc8.mp4,21,210,255,232,7.00,45,Abandonar,0.9378,1,0
sign-video-to-text_961ab2c5-c678-4535-aa9e-98b7e4b1efc8.mp4,dataset_grup_sign\sign-video-to-text_961ab2c5-c678-4535-aa9e-98b7e4b1efc8.mp4,22,220,265,242,7.33,45,Abandonar,0.3927,0,0
sign-video-to-text_961ab2c5-c678-4535-aa9e-98b7e4b1efc8.mp4,dataset_grup_sign\sign-video-to-text_961ab2c5-c678-4535-aa9e-98b7e4b1efc8.mp4,23,230,275,252,7.67,45,Visitar,0.4331,0,0
sign-video-to-text_961ab2c5-c678-4535-aa9e-98b7e4b1efc8.mp4,dataset_grup_sign\sign-video-to-text_961ab2c5-c678-4535-aa9e-98b7e4b1efc8.mp4,24,240,285,262,8.00,45,Visitar,0.9012,1,1
sign-video-to-text_961ab2c5-c678-4535-aa9e-98b7e4b1efc8.mp4,dataset_grup_sign\sign-video-to-text_961ab2c5-c678-4535-aa9e-98b7e4b1efc8.mp4,25,250,295,272,8.33,45,Visitar,0.8406,1,0
sign-video-to-text_961ab2c5-c678-4535-aa9e-98b7e4b1efc8.mp4,dataset_grup_sign\sign-video-to-text_961ab2c5-c678-4535-aa9e-98b7e4b1efc8.mp4,26,255,300,277,8.50,45,t,0.4186,0,0
sign-video-to-text_b4635d3a-6137-4234-ae7d-b093eb9c5da0.mp4,dataset_grup_sign\sign-video-to-text_b4635d3a-6137-4234-ae7d-b093eb9c5da0.mp4,0,0,45,22,0.00,45,Acostumbrar,0.9042,1,0
sign-video-to-text_b4635d3a-6137-4234-ae7d-b093eb9c5da0.mp4,dataset_grup_sign\sign-video-to-text_b4635d3a-6137-4234-ae7d-b093eb9c5da0.mp4,1,10,55,32,0.33,45,z,0.7994,1,0
sign-video-to-text_b4635d3a-6137-4234-ae7d-b093eb9c5da0.mp4,dataset_grup_sign\sign-video-to-text_b4635d3a-6137-4234-ae7d-b093eb9c5da0.mp4,2,20,65,42,0.67,45,d,0.9894,1,1
sign-video-to-text_b4635d3a-6137-4234-ae7d-b093eb9c5da0.mp4,dataset_grup_sign\sign-video-to-text_b4635d3a-6137-4234-ae7d-b093eb9c5da0.mp4,3,30,75,52,1.00,45,d,0.6789,1,0
sign-video-to-text_b4635d3a-6137-4234-ae7d-b093eb9c5da0.mp4,dataset_grup_sign\sign-video-to-text_b4635d3a-6137-4234-ae7d-b093eb9c5da0.mp4,4,40,85,62,1.33,45,ñ,0.8077,1,0
sign-video-to-text_b4635d3a-6137-4234-ae7d-b093eb9c5da0.mp4,dataset_grup_sign\sign-video-to-text_b4635d3a-6137-4234-ae7d-b093eb9c5da0.mp4,5,50,95,72,1.67,45,ñ,0.5452,0,0
sign-video-to-text_b4635d3a-6137-4234-ae7d-b093eb9c5da0.mp4,dataset_grup_sign\sign-video-to-text_b4635d3a-6137-4234-ae7d-b093eb9c5da0.mp4,6,60,105,82,2.00,45,ñ,0.3509,0,0
sign-video-to-text_b4635d3a-6137-4234-ae7d-b093eb9c5da0.mp4,dataset_grup_sign\sign-video-to-text_b4635d3a-6137-4234-ae7d-b093eb9c5da0.mp4,7,70,115,92,2.33,45,Cerca,0.4861,0,0
sign-video-to-text_b778ee52-024f-42a1-b501-cf3374a093b4.mp4,dataset_grup_sign\sign-video-to-text_b778ee52-024f-42a1-b501-cf3374a093b4.mp4,0,0,45,22,0.00,45,Lo siento,0.8184,1,0
sign-video-to-text_b778ee52-024f-42a1-b501-cf3374a093b4.mp4,dataset_grup_sign\sign-video-to-text_b778ee52-024f-42a1-b501-cf3374a093b4.mp4,1,10,55,32,0.33,45,Lo siento,0.7179,1,0
sign-video-to-text_b778ee52-024f-42a1-b501-cf3374a093b4.mp4,dataset_grup_sign\sign-video-to-text_b778ee52-024f-42a1-b501-cf3374a093b4.mp4,2,20,65,42,0.67,45,Lo siento,0.8190,1,1
sign-video-to-text_b778ee52-024f-42a1-b501-cf3374a093b4.mp4,dataset_grup_sign\sign-video-to-text_b778ee52-024f-42a1-b501-cf3374a093b4.mp4,3,30,75,52,1.00,45,Lo siento,0.8486,1,0
sign-video-to-text_b778ee52-024f-42a1-b501-cf3374a093b4.mp4,dataset_grup_sign\sign-video-to-text_b778ee52-024f-42a1-b501-cf3374a093b4.mp4,4,40,85,62,1.33,45,Por favor,0.7894,1,0
sign-video-to-text_b778ee52-024f-42a1-b501-cf3374a093b4.mp4,dataset_grup_sign\sign-video-to-text_b778ee52-024f-42a1-b501-cf3374a093b4.mp4,5,50,95,72,1.67,45,Por favor,0.9590,1,1
sign-video-to-text_b778ee52-024f-42a1-b501-cf3374a093b4.mp4,dataset_grup_sign\sign-video-to-text_b778ee52-024f-42a1-b501-cf3374a093b4.mp4,6,60,105,82,2.00,45,Por favor,0.7696,1,0
sign-video-to-text_b778ee52-024f-42a1-b501-cf3374a093b4.mp4,dataset_grup_sign\sign-video-to-text_b778ee52-024f-42a1-b501-cf3374a093b4.mp4,7,70,115,92,2.33,45,Ayer,0.4629,0,0
sign-video-to-text_b778ee52-024f-42a1-b501-cf3374a093b4.mp4,dataset_grup_sign\sign-video-to-text_b778ee52-024f-42a1-b501-cf3374a093b4.mp4,8,80,125,102,2.67,45,Decir,0.6882,1,1
sign-video-to-text_b778ee52-024f-42a1-b501-cf3374a093b4.mp4,dataset_grup_sign\sign-video-to-text_b778ee52-024f-42a1-b501-cf3374a093b4.mp4,9,90,135,112,3.00,45,Lo siento,0.6436,0,0
sign-video-to-text_b778ee52-024f-42a1-b501-cf3374a093b4.mp4,dataset_grup_sign\sign-video-to-text_b778ee52-024f-42a1-b501-cf3374a093b4.mp4,10,100,145,122,3.33,45,g,0.4189,0,0
sign-video-to-text_b778ee52-024f-42a1-b501-cf3374a093b4.mp4,dataset_grup_sign\sign-video-to-text_b778ee52-024f-42a1-b501-cf3374a093b4.mp4,11,110,155,132,3.67,45,Mucho,0.6110,0,0
sign-video-to-text_b778ee52-024f-42a1-b501-cf3374a093b4.mp4,dataset_grup_sign\sign-video-to-text_b778ee52-024f-42a1-b501-cf3374a093b4.mp4,12,120,165,142,4.00,45,Mucho,0.7760,1,0
sign-video-to-text_b778ee52-024f-42a1-b501-cf3374a093b4.mp4,dataset_grup_sign\sign-video-to-text_b778ee52-024f-42a1-b501-cf3374a093b4.mp4,13,130,175,152,4.33,45,Mucho,0.9774,1,0
sign-video-to-text_b778ee52-024f-42a1-b501-cf3374a093b4.mp4,dataset_grup_sign\sign-video-to-text_b778ee52-024f-42a1-b501-cf3374a093b4.mp4,14,140,185,162,4.67,45,Mucho,0.9820,1,1
sign-video-to-text_b778ee52-024f-42a1-b501-cf3374a093b4.mp4,dataset_grup_sign\sign-video-to-text_b778ee52-024f-42a1-b501-cf3374a093b4.mp4,15,150,195,172,5.00,45,Mucho,0.7829,1,0
sign-video-to-text_b778ee52-024f-42a1-b501-cf3374a093b4.mp4,dataset_grup_sign\sign-video-to-text_b778ee52-024f-42a1-b501-cf3374a093b4.mp4,16,160,205,182,5.33,45,Mucho,0.6680,1,0
sign-video-to-text_b778ee52-024f-42a1-b501-cf3374a093b4.mp4,dataset_grup_sign\sign-video-to-text_b778ee52-024f-42a1-b501-cf3374a093b4.mp4,17,170,215,192,5.67,45,Aceptar,0.8759,1,1
sign-video-to-text_b778ee52-024f-42a1-b501-cf3374a093b4.mp4,dataset_grup_sign\sign-video-to-text_b778ee52-024f-42a1-b501-cf3374a093b4.mp4,18,180,225,202,6.00,45,Mucho,0.8515,1,0
sign-video-to-text_b778ee52-024f-42a1-b501-cf3374a093b4.mp4,dataset_grup_sign\sign-video-to-text_b778ee52-024f-42a1-b501-cf3374a093b4.mp4,19,190,235,212,6.33,45,Hablar,0.6686,1,0
sign-video-to-text_b778ee52-024f-42a1-b501-cf3374a093b4.mp4,dataset_grup_sign\sign-video-to-text_b778ee52-024f-42a1-b501-cf3374a093b4.mp4,20,197,242,219,6.57,45,Hablar,0.8090,1,1
sign-video-to-text_b793bd0b-69c9-4a72-8f30-8176112c2151.mp4,dataset_grup_sign\sign-video-to-text_b793bd0b-69c9-4a72-8f30-8176112c2151.mp4,0,0,45,22,0.00,45,Usted,0.2860,0,0
sign-video-to-text_b793bd0b-69c9-4a72-8f30-8176112c2151.mp4,dataset_grup_sign\sign-video-to-text_b793bd0b-69c9-4a72-8f30-8176112c2151.mp4,1,10,55,32,0.33,45,Usted,0.3694,0,0
sign-video-to-text_b793bd0b-69c9-4a72-8f30-8176112c2151.mp4,dataset_grup_sign\sign-video-to-text_b793bd0b-69c9-4a72-8f30-8176112c2151.mp4,2,20,65,42,0.67,45,Usted,0.7704,1,1
sign-video-to-text_b793bd0b-69c9-4a72-8f30-8176112c2151.mp4,dataset_grup_sign\sign-video-to-text_b793bd0b-69c9-4a72-8f30-8176112c2151.mp4,3,30,75,52,1.00,45,b,0.4010,0,0
sign-video-to-text_b793bd0b-69c9-4a72-8f30-8176112c2151.mp4,dataset_grup_sign\sign-video-to-text_b793bd0b-69c9-4a72-8f30-8176112c2151.mp4,4,40,85,62,1.33,45,w,0.3616,0,0
sign-video-to-text_b793bd0b-69c9-4a72-8f30-8176112c2151.mp4,dataset_grup_sign\sign-video-to-text_b793bd0b-69c9-4a72-8f30-8176112c2151.mp4,5,50,95,72,1.67,45,Ustedes,0.4902,0,0
sign-video-to-text_b793bd0b-69c9-4a72-8f30-8176112c2151.mp4,dataset_grup_sign\sign-video-to-text_b793bd0b-69c9-4a72-8f30-8176112c2151.mp4,6,60,105,82,2.00,45,z,0.6108,0,0
sign-video-to-text_b793bd0b-69c9-4a72-8f30-8176112c2151.mp4,dataset_grup_sign\sign-video-to-text_b793bd0b-69c9-4a72-8f30-8176112c2151.mp4,7,70,115,92,2.33,45,Usted,0.7188,1,0
sign-video-to-text_b793bd0b-69c9-4a72-8f30-8176112c2151.mp4,dataset_grup_sign\sign-video-to-text_b793bd0b-69c9-4a72-8f30-8176112c2151.mp4,8,80,125,102,2.67,45,Usted,0.9727,1,1
sign-video-to-text_b793bd0b-69c9-4a72-8f30-8176112c2151.mp4,dataset_grup_sign\sign-video-to-text_b793bd0b-69c9-4a72-8f30-8176112c2151.mp4,9,90,135,112,3.00,45,No poder,0.5148,0,0
sign-video-to-text_b793bd0b-69c9-4a72-8f30-8176112c2151.mp4,dataset_grup_sign\sign-video-to-text_b793bd0b-69c9-4a72-8f30-8176112c2151.mp4,10,100,145,122,3.33,45,A veces,0.9655,1,0
sign-video-to-text_b793bd0b-69c9-4a72-8f30-8176112c2151.mp4,dataset_grup_sign\sign-video-to-text_b793bd0b-69c9-4a72-8f30-8176112c2151.mp4,11,110,155,132,3.67,45,A veces,0.9949,1,0
sign-video-to-text_b793bd0b-69c9-4a72-8f30-8176112c2151.mp4,dataset_grup_sign\sign-video-to-text_b793bd0b-69c9-4a72-8f30-8176112c2151.mp4,12,120,165,142,4.00,45,A veces,0.9969,1,1
sign-video-to-text_b793bd0b-69c9-4a72-8f30-8176112c2151.mp4,dataset_grup_sign\sign-video-to-text_b793bd0b-69c9-4a72-8f30-8176112c2151.mp4,13,130,175,152,4.33,45,A veces,0.5622,0,0
sign-video-to-text_b793bd0b-69c9-4a72-8f30-8176112c2151.mp4,dataset_grup_sign\sign-video-to-text_b793bd0b-69c9-4a72-8f30-8176112c2151.mp4,14,140,185,162,4.67,45,Cómo estás,0.3837,0,0
sign-video-to-text_b793bd0b-69c9-4a72-8f30-8176112c2151.mp4,dataset_grup_sign\sign-video-to-text_b793bd0b-69c9-4a72-8f30-8176112c2151.mp4,15,150,195,172,5.00,45,No poder,0.2963,0,0
sign-video-to-text_b793bd0b-69c9-4a72-8f30-8176112c2151.mp4,dataset_grup_sign\sign-video-to-text_b793bd0b-69c9-4a72-8f30-8176112c2151.mp4,16,160,205,182,5.33,45,Mas o menos,0.7135,1,1
sign-video-to-text_b793bd0b-69c9-4a72-8f30-8176112c2151.mp4,dataset_grup_sign\sign-video-to-text_b793bd0b-69c9-4a72-8f30-8176112c2151.mp4,17,170,215,192,5.67,45,Yo,0.4488,0,0
sign-video-to-text_b793bd0b-69c9-4a72-8f30-8176112c2151.mp4,dataset_grup_sign\sign-video-to-text_b793bd0b-69c9-4a72-8f30-8176112c2151.mp4,18,180,225,202,6.00,45,Yo,0.6136,0,0
sign-video-to-text_b793bd0b-69c9-4a72-8f30-8176112c2151.mp4,dataset_grup_sign\sign-video-to-text_b793bd0b-69c9-4a72-8f30-8176112c2151.mp4,19,190,235,212,6.33,45,q,0.6481,0,0
sign-video-to-text_b793bd0b-69c9-4a72-8f30-8176112c2151.mp4,dataset_grup_sign\sign-video-to-text_b793bd0b-69c9-4a72-8f30-8176112c2151.mp4,20,199,244,221,6.63,45,Mas o menos,0.6638,1,1
sign-video-to-text_d19deb65-81ef-4ece-a571-321c1b6bc5ba.mp4,dataset_grup_sign\sign-video-to-text_d19deb65-81ef-4ece-a571-321c1b6bc5ba.mp4,0,0,45,22,0.00,45,A veces,0.7304,1,0
sign-video-to-text_d19deb65-81ef-4ece-a571-321c1b6bc5ba.mp4,dataset_grup_sign\sign-video-to-text_d19deb65-81ef-4ece-a571-321c1b6bc5ba.mp4,1,10,55,32,0.33,45,Preocupar,0.7218,1,0
sign-video-to-text_d19deb65-81ef-4ece-a571-321c1b6bc5ba.mp4,dataset_grup_sign\sign-video-to-text_d19deb65-81ef-4ece-a571-321c1b6bc5ba.mp4,2,20,65,42,0.67,45,Preocupar,0.9369,1,1
sign-video-to-text_d19deb65-81ef-4ece-a571-321c1b6bc5ba.mp4,dataset_grup_sign\sign-video-to-text_d19deb65-81ef-4ece-a571-321c1b6bc5ba.mp4,3,30,75,52,1.00,45,Dudar,0.5298,0,0
sign-video-to-text_d19deb65-81ef-4ece-a571-321c1b6bc5ba.mp4,dataset_grup_sign\sign-video-to-text_d19deb65-81ef-4ece-a571-321c1b6bc5ba.mp4,4,40,85,62,1.33,45,Dudar,0.6240,0,0
sign-video-to-text_d19deb65-81ef-4ece-a571-321c1b6bc5ba.mp4,dataset_grup_sign\sign-video-to-text_d19deb65-81ef-4ece-a571-321c1b6bc5ba.mp4,5,50,95,72,1.67,45,Dudar,0.4056,0,0
sign-video-to-text_d19deb65-81ef-4ece-a571-321c1b6bc5ba.mp4,dataset_grup_sign\sign-video-to-text_d19deb65-81ef-4ece-a571-321c1b6bc5ba.mp4,6,60,105,82,2.00,45,Dudar,0.4779,0,0
sign-video-to-text_d19deb65-81ef-4ece-a571-321c1b6bc5ba.mp4,dataset_grup_sign\sign-video-to-text_d19deb65-81ef-4ece-a571-321c1b6bc5ba.mp4,7,70,115,92,2.33,45,Dudar,0.6020,0,0
sign-video-to-text_d19deb65-81ef-4ece-a571-321c1b6bc5ba.mp4,dataset_grup_sign\sign-video-to-text_d19deb65-81ef-4ece-a571-321c1b6bc5ba.mp4,8,80,125,102,2.67,45,Abuelo,0.7065,1,1
sign-video-to-text_d19deb65-81ef-4ece-a571-321c1b6bc5ba.mp4,dataset_grup_sign\sign-video-to-text_d19deb65-81ef-4ece-a571-321c1b6bc5ba.mp4,9,90,135,112,3.00,45,Qué paso,0.4545,0,0
sign-video-to-text_d19deb65-81ef-4ece-a571-321c1b6bc5ba.mp4,dataset_grup_sign\sign-video-to-text_d19deb65-81ef-4ece-a571-321c1b6bc5ba.mp4,10,100,145,122,3.33,45,Aburrido,0.8585,1,0
sign-video-to-text_d19deb65-81ef-4ece-a571-321c1b6bc5ba.mp4,dataset_grup_sign\sign-video-to-text_d19deb65-81ef-4ece-a571-321c1b6bc5ba.mp4,11,110,155,132,3.67,45,Aburrido,0.9955,1,1
sign-video-to-text_d19deb65-81ef-4ece-a571-321c1b6bc5ba.mp4,dataset_grup_sign\sign-video-to-text_d19deb65-81ef-4ece-a571-321c1b6bc5ba.mp4,12,120,165,142,4.00,45,Decir,0.8044,1,0
sign-video-to-text_d19deb65-81ef-4ece-a571-321c1b6bc5ba.mp4,dataset_grup_sign\sign-video-to-text_d19deb65-81ef-4ece-a571-321c1b6bc5ba.mp4,13,130,175,152,4.33,45,Escoger,0.7225,1,0
sign-video-to-text_d19deb65-81ef-4ece-a571-321c1b6bc5ba.mp4,dataset_grup_sign\sign-video-to-text_d19deb65-81ef-4ece-a571-321c1b6bc5ba.mp4,14,140,185,162,4.67,45,a,0.6155,0,0
sign-video-to-text_d19deb65-81ef-4ece-a571-321c1b6bc5ba.mp4,dataset_grup_sign\sign-video-to-text_d19deb65-81ef-4ece-a571-321c1b6bc5ba.mp4,15,150,195,172,5.00,45,Por qué,0.6807,1,1
sign-video-to-text_d19deb65-81ef-4ece-a571-321c1b6bc5ba.mp4,dataset_grup_sign\sign-video-to-text_d19deb65-81ef-4ece-a571-321c1b6bc5ba.mp4,16,160,205,182,5.33,45,e,0.2532,0,0
sign-video-to-text_d19deb65-81ef-4ece-a571-321c1b6bc5ba.mp4,dataset_grup_sign\sign-video-to-text_d19deb65-81ef-4ece-a571-321c1b6bc5ba.mp4,17,170,215,192,5.67,45,c,0.4978,0,0
sign-video-to-text_d19deb65-81ef-4ece-a571-321c1b6bc5ba.mp4,dataset_grup_sign\sign-video-to-text_d19deb65-81ef-4ece-a571-321c1b6bc5ba.mp4,18,180,225,202,6.00,45,l,0.3517,0,0
sign-video-to-text_d19deb65-81ef-4ece-a571-321c1b6bc5ba.mp4,dataset_grup_sign\sign-video-to-text_d19deb65-81ef-4ece-a571-321c1b6bc5ba.mp4,19,190,235,212,6.33,45,l,0.3851,0,0
sign-video-to-text_d19deb65-81ef-4ece-a571-321c1b6bc5ba.mp4,dataset_grup_sign\sign-video-to-text_d19deb65-81ef-4ece-a571-321c1b6bc5ba.mp4,20,200,245,222,6.67,45,a,0.4192,0,0
sign-video-to-text_d19deb65-81ef-4ece-a571-321c1b6bc5ba.mp4,dataset_grup_sign\sign-video-to-text_d19deb65-81ef-4ece-a571-321c1b6bc5ba.mp4,21,210,255,232,7.00,45,Aquí,0.4469,0,0
sign-video-to-text_d19deb65-81ef-4ece-a571-321c1b6bc5ba.mp4,dataset_grup_sign\sign-video-to-text_d19deb65-81ef-4ece-a571-321c1b6bc5ba.mp4,22,220,265,242,7.33,45,Aquí,0.3094,0,0
sign-video-to-text_d19deb65-81ef-4ece-a571-321c1b6bc5ba.mp4,dataset_grup_sign\sign-video-to-text_d19deb65-81ef-4ece-a571-321c1b6bc5ba.mp4,23,230,275,252,7.67,45,Aquí,0.3531,0,0
sign-video-to-text_d19deb65-81ef-4ece-a571-321c1b6bc5ba.mp4,dataset_grup_sign\sign-video-to-text_d19deb65-81ef-4ece-a571-321c1b6bc5ba.mp4,24,240,285,262,8.00,45,s,0.3239,0,0
sign-video-to-text_d19deb65-81ef-4ece-a571-321c1b6bc5ba.mp4,dataset_grup_sign\sign-video-to-text_d19deb65-81ef-4ece-a571-321c1b6bc5ba.mp4,25,250,295,272,8.33,45,i,0.6212,0,0
sign-video-to-text_d19deb65-81ef-4ece-a571-321c1b6bc5ba.mp4,dataset_grup_sign\sign-video-to-text_d19deb65-81ef-4ece-a571-321c1b6bc5ba.mp4,26,255,300,277,8.50,45,j,0.6684,1,1
sign-video-to-text_df5ac2d8-fa45-4293-9589-82434374e98c.mp4,dataset_grup_sign\sign-video-to-text_df5ac2d8-fa45-4293-9589-82434374e98c.mp4,0,0,45,22,0.00,45,Deprimido,0.3161,0,0
sign-video-to-text_df5ac2d8-fa45-4293-9589-82434374e98c.mp4,dataset_grup_sign\sign-video-to-text_df5ac2d8-fa45-4293-9589-82434374e98c.mp4,1,10,55,32,0.33,45,Preocupar,0.6079,0,0
sign-video-to-text_df5ac2d8-fa45-4293-9589-82434374e98c.mp4,dataset_grup_sign\sign-video-to-text_df5ac2d8-fa45-4293-9589-82434374e98c.mp4,2,20,65,42,0.67,45,A veces,0.4767,0,0
sign-video-to-text_df5ac2d8-fa45-4293-9589-82434374e98c.mp4,dataset_grup_sign\sign-video-to-text_df5ac2d8-fa45-4293-9589-82434374e98c.mp4,3,30,75,52,1.00,45,Preocupar,0.5162,0,0
sign-video-to-text_df5ac2d8-fa45-4293-9589-82434374e98c.mp4,dataset_grup_sign\sign-video-to-text_df5ac2d8-fa45-4293-9589-82434374e98c.mp4,4,40,85,62,1.33,45,Preocupar,0.7191,1,1
sign-video-to-text_df5ac2d8-fa45-4293-9589-82434374e98c.mp4,dataset_grup_sign\sign-video-to-text_df5ac2d8-fa45-4293-9589-82434374e98c.mp4,5,50,95,72,1.67,45,Preocupar,0.6585,1,0
sign-video-to-text_df5ac2d8-fa45-4293-9589-82434374e98c.mp4,dataset_grup_sign\sign-video-to-text_df5ac2d8-fa45-4293-9589-82434374e98c.mp4,6,60,105,82,2.00,45,Preocupar,0.5855,0,0
sign-video-to-text_df5ac2d8-fa45-4293-9589-82434374e98c.mp4,dataset_grup_sign\sign-video-to-text_df5ac2d8-fa45-4293-9589-82434374e98c.mp4,7,70,115,92,2.33,45,Preocupar,0.8071,1,0
sign-video-to-text_df5ac2d8-fa45-4293-9589-82434374e98c.mp4,dataset_grup_sign\sign-video-to-text_df5ac2d8-fa45-4293-9589-82434374e98c.mp4,8,80,125,102,2.67,45,Preocupar,0.9369,1,1
sign-video-to-text_df5ac2d8-fa45-4293-9589-82434374e98c.mp4,dataset_grup_sign\sign-video-to-text_df5ac2d8-fa45-4293-9589-82434374e98c.mp4,9,90,135,112,3.00,45,Noche,0.8563,1,0
sign-video-to-text_df5ac2d8-fa45-4293-9589-82434374e98c.mp4,dataset_grup_sign\sign-video-to-text_df5ac2d8-fa45-4293-9589-82434374e98c.mp4,10,100,145,122,3.33,45,Deprimido,0.3407,0,0
sign-video-to-text_df5ac2d8-fa45-4293-9589-82434374e98c.mp4,dataset_grup_sign\sign-video-to-text_df5ac2d8-fa45-4293-9589-82434374e98c.mp4,11,110,155,132,3.67,45,A veces,0.9682,1,1
sign-video-to-text_df5ac2d8-fa45-4293-9589-82434374e98c.mp4,dataset_grup_sign\sign-video-to-text_df5ac2d8-fa45-4293-9589-82434374e98c.mp4,12,120,165,142,4.00,45,Cómo estás,0.8526,1,0
sign-video-to-text_df5ac2d8-fa45-4293-9589-82434374e98c.mp4,dataset_grup_sign\sign-video-to-text_df5ac2d8-fa45-4293-9589-82434374e98c.mp4,13,130,175,152,4.33,45,Mas o menos,0.6126,0,0
sign-video-to-text_df5ac2d8-fa45-4293-9589-82434374e98c.mp4,dataset_grup_sign\sign-video-to-text_df5ac2d8-fa45-4293-9589-82434374e98c.mp4,14,140,185,162,4.67,45,A veces,0.6338,0,0
sign-video-to-text_df5ac2d8-fa45-4293-9589-82434374e98c.mp4,dataset_grup_sign\sign-video-to-text_df5ac2d8-fa45-4293-9589-82434374e98c.mp4,15,150,195,172,5.00,45,Abandonar,0.9867,1,1
sign-video-to-text_df5ac2d8-fa45-4293-9589-82434374e98c.mp4,dataset_grup_sign\sign-video-to-text_df5ac2d8-fa45-4293-9589-82434374e98c.mp4,16,160,205,182,5.33,45,Abandonar,0.4228,0,0
sign-video-to-text_df5ac2d8-fa45-4293-9589-82434374e98c.mp4,dataset_grup_sign\sign-video-to-text_df5ac2d8-fa45-4293-9589-82434374e98c.mp4,17,170,215,192,5.67,45,Triste,0.9493,1,0
sign-video-to-text_df5ac2d8-fa45-4293-9589-82434374e98c.mp4,dataset_grup_sign\sign-video-to-text_df5ac2d8-fa45-4293-9589-82434374e98c.mp4,18,180,225,202,6.00,45,Triste,0.9991,1,1
sign-video-to-text_df5ac2d8-fa45-4293-9589-82434374e98c.mp4,dataset_grup_sign\sign-video-to-text_df5ac2d8-fa45-4293-9589-82434374e98c.mp4,19,190,235,212,6.33,45,Triste,0.9778,1,0
sign-video-to-text_df5ac2d8-fa45-4293-9589-82434374e98c.mp4,dataset_grup_sign\sign-video-to-text_df5ac2d8-fa45-4293-9589-82434374e98c.mp4,20,200,245,222,6.67,45,Prestar,0.4578,0,0
sign-video-to-text_df5ac2d8-fa45-4293-9589-82434374e98c.mp4,dataset_grup_sign\sign-video-to-text_df5ac2d8-fa45-4293-9589-82434374e98c.mp4,21,210,255,232,7.00,45,Lo siento,0.9689,1,1
sign-video-to-text_df5ac2d8-fa45-4293-9589-82434374e98c.mp4,dataset_grup_sign\sign-video-to-text_df5ac2d8-fa45-4293-9589-82434374e98c.mp4,22,220,265,242,7.33,45,Mas o menos,0.9316,1,0
sign-video-to-text_df5ac2d8-fa45-4293-9589-82434374e98c.mp4,dataset_grup_sign\sign-video-to-text_df5ac2d8-fa45-4293-9589-82434374e98c.mp4,23,230,275,252,7.67,45,Mas o menos,0.7497,1,0
sign-video-to-text_df5ac2d8-fa45-4293-9589-82434374e98c.mp4,dataset_grup_sign\sign-video-to-text_df5ac2d8-fa45-4293-9589-82434374e98c.mp4,24,240,285,262,8.00,45,Mas o menos,0.7364,1,1
sign-video-to-text_df5ac2d8-fa45-4293-9589-82434374e98c.mp4,dataset_grup_sign\sign-video-to-text_df5ac2d8-fa45-4293-9589-82434374e98c.mp4,25,250,295,272,8.33,45,Mas o menos,0.5233,0,0
sign-video-to-text_df5ac2d8-fa45-4293-9589-82434374e98c.mp4,dataset_grup_sign\sign-video-to-text_df5ac2d8-fa45-4293-9589-82434374e98c.mp4,26,260,305,282,8.67,45,Cómo estás,0.4868,0,0
sign-video-to-text_df5ac2d8-fa45-4293-9589-82434374e98c.mp4,dataset_grup_sign\sign-video-to-text_df5ac2d8-fa45-4293-9589-82434374e98c.mp4,27,270,315,292,9.00,45,Cómo estás,0.5306,0,0
sign-video-to-text_df5ac2d8-fa45-4293-9589-82434374e98c.mp4,dataset_grup_sign\sign-video-to-text_df5ac2d8-fa45-4293-9589-82434374e98c.mp4,28,280,325,302,9.33,45,Mas o menos,0.5141,0,0
sign-video-to-text_df5ac2d8-fa45-4293-9589-82434374e98c.mp4,dataset_grup_sign\sign-video-to-text_df5ac2d8-fa45-4293-9589-82434374e98c.mp4,29,290,335,312,9.67,45,Cómo estás,0.6378,0,0
sign-video-to-text_df5ac2d8-fa45-4293-9589-82434374e98c.mp4,dataset_grup_sign\sign-video-to-text_df5ac2d8-fa45-4293-9589-82434374e98c.mp4,30,300,345,322,10.00,45,Cómo estás,0.9282,1,1
sign-video-to-text_df5ac2d8-fa45-4293-9589-82434374e98c.mp4,dataset_grup_sign\sign-video-to-text_df5ac2d8-fa45-4293-9589-82434374e98c.mp4,31,310,355,332,10.33,45,A veces,0.8690,1,0
sign-video-to-text_df5ac2d8-fa45-4293-9589-82434374e98c.mp4,dataset_grup_sign\sign-video-to-text_df5ac2d8-fa45-4293-9589-82434374e98c.mp4,32,320,365,342,10.67,45,A veces,0.9223,1,0
sign-video-to-text_df5ac2d8-fa45-4293-9589-82434374e98c.mp4,dataset_grup_sign\sign-video-to-text_df5ac2d8-fa45-4293-9589-82434374e98c.mp4,33,330,375,352,11.00,45,Desconcertado,0.8828,1,1
sign-video-to-text_df5ac2d8-fa45-4293-9589-82434374e98c.mp4,dataset_grup_sign\sign-video-to-text_df5ac2d8-fa45-4293-9589-82434374e98c.mp4,34,340,385,362,11.33,45,A veces,0.4396,0,0
sign-video-to-text_df5ac2d8-fa45-4293-9589-82434374e98c.mp4,dataset_grup_sign\sign-video-to-text_df5ac2d8-fa45-4293-9589-82434374e98c.mp4,35,350,395,372,11.67,45,Dónde,0.5119,0,0
sign-video-to-text_df5ac2d8-fa45-4293-9589-82434374e98c.mp4,dataset_grup_sign\sign-video-to-text_df5ac2d8-fa45-4293-9589-82434374e98c.mp4,36,360,405,382,12.00,45,Cómo estás,0.5016,0,0
sign-video-to-text_df5ac2d8-fa45-4293-9589-82434374e98c.mp4,dataset_grup_sign\sign-video-to-text_df5ac2d8-fa45-4293-9589-82434374e98c.mp4,37,370,415,392,12.33,45,Continuar,0.9192,1,0
sign-video-to-text_df5ac2d8-fa45-4293-9589-82434374e98c.mp4,dataset_grup_sign\sign-video-to-text_df5ac2d8-fa45-4293-9589-82434374e98c.mp4,38,380,425,402,12.67,45,Continuar,0.9589,1,1
sign-video-to-text_df5ac2d8-fa45-4293-9589-82434374e98c.mp4,dataset_grup_sign\sign-video-to-text_df5ac2d8-fa45-4293-9589-82434374e98c.mp4,39,390,435,412,13.00,45,Continuar,0.6908,1,0
sign-video-to-text_df5ac2d8-fa45-4293-9589-82434374e98c.mp4,dataset_grup_sign\sign-video-to-text_df5ac2d8-fa45-4293-9589-82434374e98c.mp4,40,400,445,422,13.33,45,Jamás,0.4130,0,0
sign-video-to-text_df5ac2d8-fa45-4293-9589-82434374e98c.mp4,dataset_grup_sign\sign-video-to-text_df5ac2d8-fa45-4293-9589-82434374e98c.mp4,41,410,455,432,13.67,45,Continuar,0.4785,0,0
sign-video-to-text_df5ac2d8-fa45-4293-9589-82434374e98c.mp4,dataset_grup_sign\sign-video-to-text_df5ac2d8-fa45-4293-9589-82434374e98c.mp4,42,420,465,442,14.00,45,Cómo estás,0.6529,1,1
sign-video-to-text_df5ac2d8-fa45-4293-9589-82434374e98c.mp4,dataset_grup_sign\sign-video-to-text_df5ac2d8-fa45-4293-9589-82434374e98c.mp4,43,430,475,452,14.33,45,Dónde,0.3331,0,0
sign-video-to-text_df5ac2d8-fa45-4293-9589-82434374e98c.mp4,dataset_grup_sign\sign-video-to-text_df5ac2d8-fa45-4293-9589-82434374e98c.mp4,44,436,481,458,14.53,45,Cómo estás,0.3593,0,0
sign-video-to-text_fec30fbd-cc82-48e9-9f59-577ff54008ff.mp4,dataset_grup_sign\sign-video-to-text_fec30fbd-cc82-48e9-9f59-577ff54008ff.mp4,0,0,45,22,0.00,45,a,0.5579,0,0
sign-video-to-text_fec30fbd-cc82-48e9-9f59-577ff54008ff.mp4,dataset_grup_sign\sign-video-to-text_fec30fbd-cc82-48e9-9f59-577ff54008ff.mp4,1,10,55,32,0.33,45,Abuelo,0.9890,1,1
sign-video-to-text_fec30fbd-cc82-48e9-9f59-577ff54008ff.mp4,dataset_grup_sign\sign-video-to-text_fec30fbd-cc82-48e9-9f59-577ff54008ff.mp4,2,20,65,42,0.67,45,Abuelo,0.9221,1,0
sign-video-to-text_fec30fbd-cc82-48e9-9f59-577ff54008ff.mp4,dataset_grup_sign\sign-video-to-text_fec30fbd-cc82-48e9-9f59-577ff54008ff.mp4,3,30,75,52,1.00,45,Entender,0.3370,0,0
sign-video-to-text_fec30fbd-cc82-48e9-9f59-577ff54008ff.mp4,dataset_grup_sign\sign-video-to-text_fec30fbd-cc82-48e9-9f59-577ff54008ff.mp4,4,40,85,62,1.33,45,Entender,0.6333,0,0
sign-video-to-text_fec30fbd-cc82-48e9-9f59-577ff54008ff.mp4,dataset_grup_sign\sign-video-to-text_fec30fbd-cc82-48e9-9f59-577ff54008ff.mp4,5,50,95,72,1.67,45,Por qué,0.5367,0,0
sign-video-to-text_fec30fbd-cc82-48e9-9f59-577ff54008ff.mp4,dataset_grup_sign\sign-video-to-text_fec30fbd-cc82-48e9-9f59-577ff54008ff.mp4,6,60,105,82,2.00,45,Por qué,0.9981,1,1
sign-video-to-text_fec30fbd-cc82-48e9-9f59-577ff54008ff.mp4,dataset_grup_sign\sign-video-to-text_fec30fbd-cc82-48e9-9f59-577ff54008ff.mp4,7,70,115,92,2.33,45,Por qué,0.6199,0,0
sign-video-to-text_fec30fbd-cc82-48e9-9f59-577ff54008ff.mp4,dataset_grup_sign\sign-video-to-text_fec30fbd-cc82-48e9-9f59-577ff54008ff.mp4,8,80,125,102,2.67,45,j,0.3933,0,0
sign-video-to-text_fec30fbd-cc82-48e9-9f59-577ff54008ff.mp4,dataset_grup_sign\sign-video-to-text_fec30fbd-cc82-48e9-9f59-577ff54008ff.mp4,9,90,135,112,3.00,45,a,0.7025,1,1
sign-video-to-text_fec30fbd-cc82-48e9-9f59-577ff54008ff.mp4,dataset_grup_sign\sign-video-to-text_fec30fbd-cc82-48e9-9f59-577ff54008ff.mp4,10,100,145,122,3.33,45,e,0.4910,0,0
sign-video-to-text_fec30fbd-cc82-48e9-9f59-577ff54008ff.mp4,dataset_grup_sign\sign-video-to-text_fec30fbd-cc82-48e9-9f59-577ff54008ff.mp4,11,110,155,132,3.67,45,l,0.2783,0,0
sign-video-to-text_fec30fbd-cc82-48e9-9f59-577ff54008ff.mp4,dataset_grup_sign\sign-video-to-text_fec30fbd-cc82-48e9-9f59-577ff54008ff.mp4,12,120,165,142,4.00,45,l,0.5877,0,0
sign-video-to-text_fec30fbd-cc82-48e9-9f59-577ff54008ff.mp4,dataset_grup_sign\sign-video-to-text_fec30fbd-cc82-48e9-9f59-577ff54008ff.mp4,13,130,175,152,4.33,45,l,0.6710,1,1
sign-video-to-text_fec30fbd-cc82-48e9-9f59-577ff54008ff.mp4,dataset_grup_sign\sign-video-to-text_fec30fbd-cc82-48e9-9f59-577ff54008ff.mp4,14,140,185,162,4.67,45,m,0.3647,0,0
sign-video-to-text_fec30fbd-cc82-48e9-9f59-577ff54008ff.mp4,dataset_grup_sign\sign-video-to-text_fec30fbd-cc82-48e9-9f59-577ff54008ff.mp4,15,150,195,172,5.00,45,n,0.3121,0,0
sign-video-to-text_fec30fbd-cc82-48e9-9f59-577ff54008ff.mp4,dataset_grup_sign\sign-video-to-text_fec30fbd-cc82-48e9-9f59-577ff54008ff.mp4,16,160,205,182,5.33,45,ñ,0.2949,0,0
sign-video-to-text_fec30fbd-cc82-48e9-9f59-577ff54008ff.mp4,dataset_grup_sign\sign-video-to-text_fec30fbd-cc82-48e9-9f59-577ff54008ff.mp4,17,170,215,192,5.67,45,ñ,0.2675,0,0
sign-video-to-text_fec30fbd-cc82-48e9-9f59-577ff54008ff.mp4,dataset_grup_sign\sign-video-to-text_fec30fbd-cc82-48e9-9f59-577ff54008ff.mp4,18,180,225,202,6.00,45,f,0.2781,0,0
sign-video-to-text_fec30fbd-cc82-48e9-9f59-577ff54008ff.mp4,dataset_grup_sign\sign-video-to-text_fec30fbd-cc82-48e9-9f59-577ff54008ff.mp4,19,190,235,212,6.33,45,e,0.3140,0,0
sign-video-to-text_fec30fbd-cc82-48e9-9f59-577ff54008ff.mp4,dataset_grup_sign\sign-video-to-text_fec30fbd-cc82-48e9-9f59-577ff54008ff.mp4,20,200,245,222,6.67,45,n,0.3415,0,0
sign-video-to-text_fec30fbd-cc82-48e9-9f59-577ff54008ff.mp4,dataset_grup_sign\sign-video-to-text_fec30fbd-cc82-48e9-9f59-577ff54008ff.mp4,21,210,255,232,7.00,45,j,0.7585,1,0
sign-video-to-text_fec30fbd-cc82-48e9-9f59-577ff54008ff.mp4,dataset_grup_sign\sign-video-to-text_fec30fbd-cc82-48e9-9f59-577ff54008ff.mp4,22,220,265,242,7.33,45,Decir,0.8255,1,0
sign-video-to-text_fec30fbd-cc82-48e9-9f59-577ff54008ff.mp4,dataset_grup_sign\sign-video-to-text_fec30fbd-cc82-48e9-9f59-577ff54008ff.mp4,23,230,275,252,7.67,45,Decir,0.8345,1,1
sign-video-to-text_fec30fbd-cc82-48e9-9f59-577ff54008ff.mp4,dataset_grup_sign\sign-video-to-text_fec30fbd-cc82-48e9-9f59-577ff54008ff.mp4,24,240,285,262,8.00,45,Lo siento,0.3926,0,0
sign-video-to-text_fec30fbd-cc82-48e9-9f59-577ff54008ff.mp4,dataset_grup_sign\sign-video-to-text_fec30fbd-cc82-48e9-9f59-577ff54008ff.mp4,25,250,295,272,8.33,45,Cómo estás,0.6152,0,0
sign-video-to-text_fec30fbd-cc82-48e9-9f59-577ff54008ff.mp4,dataset_grup_sign\sign-video-to-text_fec30fbd-cc82-48e9-9f59-577ff54008ff.mp4,26,255,300,277,8.50,45,Cómo estás,0.6607,1,1
